=====================================================================================
STAT-ARB PARAMETER TUNING ENGINE STARTED (v3.0)
Target: 8% <= ann_ret_live <= 20%
Grid size: 10 Phase 1 configs
=====================================================================================

=====================================================================================
TUNING RUN: entry_ecdf_percentile=0.85
=====================================================================================
=====================================================================================
STARTING ROBUST STAT-ARB ENGINE (NOISE-FILTERED OVERRIDE)
=====================================================================================
[Pipeline Info] 'SPY' ticker detected. Using real SPY price series for CAPM benchmark.
[DAG Pre-Compute] Initializing Vectorized Matrix Space...
[DAG Pre-Compute] Processing 1570 Sector-Matched Residual Pairs...
[DAG Pre-Compute] Completed successfully. Executing Portfolio Routing Loop.
[Friction Engine] Goldilocks absolute minimum alpha floor calibrated to 0.66%

[Dynamic Rebalance @ 2024-09-09 | Progress:   0.2% (1/500)] Cause: INITIAL_ENTRY
  --> Pipeline Funnel : Ghost=4 | Promoted=0 | Live=0
------------------------------------------------------------

[Dynamic Rebalance @ 2024-09-26 | Progress:   2.8% (14/500)] Cause: SIGNAL_ENTRY
  --> Pipeline Funnel : Ghost=4 | Promoted=1 | Live=1
  --> SLSQP Metrics   : Eff Gross=0.55 | Port Vol=0.0916 | SPY Overlay=30.0%
  --> Top Allocations :
      [BASE] AVGO/SMCI | W_A: -25.0% | W_B: 9.9% | Inno Z: 1.23 | ECDF: 0.97 | Alpha: 2.1921
------------------------------------------------------------

[Dynamic Rebalance @ 2024-10-01 | Progress:   3.4% (17/500)] Cause: SIGNAL_EXIT
  --> Pipeline Funnel : Ghost=8 | Promoted=0 | Live=0
------------------------------------------------------------

[Dynamic Rebalance @ 2024-10-15 | Progress:   5.4% (27/500)] Cause: SIGNAL_ENTRY
  --> Pipeline Funnel : Ghost=4 | Promoted=1 | Live=1
  --> SLSQP Metrics   : Eff Gross=0.54 | Port Vol=0.0658 | SPY Overlay=-18.7%
  --> Top Allocations :
      [BASE] AVGO/KLAC | W_A: -35.0% | W_B: 29.6% | Inno Z: 1.53 | ECDF: 1.00 | Alpha: 2.6873
------------------------------------------------------------

[Dynamic Rebalance @ 2024-10-17 | Progress:   5.8% (29/500)] Cause: SIGNAL_ENTRY
  --> Pipeline Funnel : Ghost=5 | Promoted=1 | Live=2
  --> SLSQP Metrics   : Eff Gross=0.66 | Port Vol=0.0722 | SPY Overlay=-18.7%
  --> Top Allocations :
      [BASE] AVGO/KLAC | W_A: -33.5% | W_B: 28.5% | Inno Z: 1.53 | ECDF: 0.94 | Alpha: 1.3541
      [OVERRIDE] FITB/TFC | W_A: -13.8% | W_B: 12.0% | Inno Z: 0.69 | ECDF: 1.00 | Alpha: 0.7170
------------------------------------------------------------

[Dynamic Rebalance @ 2024-10-25 | Progress:   7.0% (35/500)] Cause: SIGNAL_EXIT
  --> Pipeline Funnel : Ghost=6 | Promoted=0 | Live=0
------------------------------------------------------------

[Dynamic Rebalance @ 2024-10-29 | Progress:   7.4% (37/500)] Cause: SIGNAL_ENTRY
  --> Pipeline Funnel : Ghost=6 | Promoted=1 | Live=1
  --> SLSQP Metrics   : Eff Gross=0.41 | Port Vol=0.0233 | SPY Overlay=20.7%
  --> Top Allocations :
      [OVERRIDE] AMT/KIM | W_A: 20.0% | W_B: -14.7% | Inno Z: -0.79 | ECDF: 0.98 | Alpha: 0.9462
------------------------------------------------------------

[Dynamic Rebalance @ 2024-10-31 | Progress:   7.8% (39/500)] Cause: SIGNAL_ENTRY
  --> Pipeline Funnel : Ghost=7 | Promoted=2 | Live=3
  --> SLSQP Metrics   : Eff Gross=0.64 | Port Vol=0.0207 | SPY Overlay=-30.0%
  --> Top Allocations :
      [BASE] D/ETR | W_A: 17.1% | W_B: -12.8% | Inno Z: -1.70 | ECDF: 1.00 | Alpha: 3.8541
      [OVERRIDE] ADI/MPWR | W_A: -13.1% | W_B: 6.9% | Inno Z: 0.85 | ECDF: 1.00 | Alpha: 2.0043
      [OVERRIDE] AMT/KIM | W_A: 3.4% | W_B: -2.5% | Inno Z: -0.79 | ECDF: 0.03 | Alpha: 0.0991
------------------------------------------------------------

[Dynamic Rebalance @ 2024-11-04 | Progress:   8.2% (41/500)] Cause: SIGNAL_EXIT
  --> Pipeline Funnel : Ghost=0 | Promoted=0 | Live=1
  --> SLSQP Metrics   : Eff Gross=0.37 | Port Vol=0.0229 | SPY Overlay=17.2%
  --> Top Allocations :
      [OVERRIDE] AMT/KIM | W_A: 20.0% | W_B: -14.5% | Inno Z: -0.79 | ECDF: 0.70 | Alpha: 0.2308
------------------------------------------------------------

[Dynamic Rebalance @ 2024-11-05 | Progress:   8.4% (42/500)] Cause: SIGNAL_EXIT
  --> Pipeline Funnel : Ghost=2 | Promoted=0 | Live=0
------------------------------------------------------------

[Dynamic Rebalance @ 2024-11-06 | Progress:   8.6% (43/500)] Cause: SIGNAL_ENTRY
  --> Pipeline Funnel : Ghost=4 | Promoted=2 | Live=2
  --> SLSQP Metrics   : Eff Gross=0.55 | Port Vol=0.0188 | SPY Overlay=30.0%
  --> Top Allocations :
      [BASE] D/SRE | W_A: 13.0% | W_B: -10.7% | Inno Z: -1.44 | ECDF: 1.00 | Alpha: 2.6301
      [BASE] AMT/KIM | W_A: 12.0% | W_B: -8.6% | Inno Z: -1.42 | ECDF: 1.00 | Alpha: 1.9462
------------------------------------------------------------

[Dynamic Rebalance @ 2024-11-07 | Progress:   8.8% (44/500)] Cause: SIGNAL_ENTRY
  --> Pipeline Funnel : Ghost=3 | Promoted=1 | Live=3
  --> SLSQP Metrics   : Eff Gross=0.64 | Port Vol=0.0265 | SPY Overlay=30.0%
  --> Top Allocations :
      [BASE] AMT/KIM | W_A: 14.1% | W_B: -9.9% | Inno Z: -1.42 | ECDF: 0.97 | Alpha: 0.7889
      [OVERRIDE] DTE/FE | W_A: 14.1% | W_B: -13.1% | Inno Z: -0.74 | ECDF: 1.00 | Alpha: 1.1191
      [BASE] D/SRE | W_A: 5.7% | W_B: -4.6% | Inno Z: -1.44 | ECDF: 0.98 | Alpha: 0.3180
------------------------------------------------------------

[Dynamic Rebalance @ 2024-11-08 | Progress:   9.0% (45/500)] Cause: SIGNAL_EXIT
  --> Pipeline Funnel : Ghost=3 | Promoted=0 | Live=2
  --> SLSQP Metrics   : Eff Gross=0.60 | Port Vol=0.0281 | SPY Overlay=30.0%
  --> Top Allocations :
      [BASE] D/SRE | W_A: 22.0% | W_B: -17.7% | Inno Z: -1.44 | ECDF: 0.48 | Alpha: 0.2159
      [OVERRIDE] DTE/FE | W_A: 8.3% | W_B: -7.7% | Inno Z: -0.74 | ECDF: 0.92 | Alpha: 0.0988
------------------------------------------------------------

[Dynamic Rebalance @ 2024-11-11 | Progress:   9.2% (46/500)] Cause: SIGNAL_EXIT
  --> Pipeline Funnel : Ghost=4 | Promoted=1 | Live=2
  --> SLSQP Metrics   : Eff Gross=0.55 | Port Vol=0.0285 | SPY Overlay=30.0%
  --> Top Allocations :
      [OVERRIDE] AMT/KIM | W_A: 12.9% | W_B: -9.0% | Inno Z: -0.63 | ECDF: 0.94 | Alpha: 0.7213
      [BASE] D/SRE | W_A: 12.1% | W_B: -9.7% | Inno Z: -1.44 | ECDF: 0.29 | Alpha: 0.2613
------------------------------------------------------------

[Dynamic Rebalance @ 2024-11-13 | Progress:   9.6% (48/500)] Cause: SIGNAL_EXIT
  --> Pipeline Funnel : Ghost=3 | Promoted=0 | Live=1
  --> SLSQP Metrics   : Eff Gross=0.55 | Port Vol=0.0304 | SPY Overlay=30.0%
  --> Top Allocations :
      [BASE] D/SRE | W_A: 25.0% | W_B: -20.0% | Inno Z: -1.44 | ECDF: 0.87 | Alpha: 0.0097
------------------------------------------------------------

[Dynamic Rebalance @ 2024-11-22 | Progress:  11.0% (55/500)] Cause: SIGNAL_EXIT
  --> Pipeline Funnel : Ghost=2 | Promoted=0 | Live=0
------------------------------------------------------------

[Dynamic Rebalance @ 2025-01-27 | Progress:  19.2% (96/500)] Cause: SIGNAL_ENTRY
  --> Pipeline Funnel : Ghost=5 | Promoted=2 | Live=2
  --> SLSQP Metrics   : Eff Gross=0.77 | Port Vol=0.0272 | SPY Overlay=-30.0%
  --> Top Allocations :
      [BASE] EXC/NI | W_A: -28.6% | W_B: 22.3% | Inno Z: 1.13 | ECDF: 1.00 | Alpha: 1.7885
      [BASE] ATO/NI | W_A: -18.8% | W_B: 16.1% | Inno Z: 0.95 | ECDF: 1.00 | Alpha: 0.8759
------------------------------------------------------------

[Dynamic Rebalance @ 2025-01-28 | Progress:  19.4% (97/500)] Cause: SIGNAL_ENTRY
  --> Pipeline Funnel : Ghost=5 | Promoted=1 | Live=1
  --> SLSQP Metrics   : Eff Gross=0.41 | Port Vol=0.0310 | SPY Overlay=22.1%
  --> Top Allocations :
      [BASE] IVZ/PYPL | W_A: -18.5% | W_B: 8.6% | Inno Z: 1.57 | ECDF: 1.00 | Alpha: 3.0354
------------------------------------------------------------

[Dynamic Rebalance @ 2025-01-30 | Progress:  19.8% (99/500)] Cause: SIGNAL_EXIT
  --> Pipeline Funnel : Ghost=3 | Promoted=0 | Live=0
------------------------------------------------------------

[Dynamic Rebalance @ 2025-03-04 | Progress:  24.2% (121/500)] Cause: SIGNAL_ENTRY
  --> Pipeline Funnel : Ghost=1 | Promoted=1 | Live=1
  --> SLSQP Metrics   : Eff Gross=0.31 | Port Vol=0.0172 | SPY Overlay=-11.3%
  --> Top Allocations :
      [OVERRIDE] BAC/CFG | W_A: 20.0% | W_B: -12.9% | Inno Z: -0.73 | ECDF: 1.00 | Alpha: 0.9144
------------------------------------------------------------

[Dynamic Rebalance @ 2025-03-07 | Progress:  24.8% (124/500)] Cause: SIGNAL_EXIT
  --> Pipeline Funnel : Ghost=1 | Promoted=0 | Live=0
------------------------------------------------------------

[Dynamic Rebalance @ 2025-04-04 | Progress:  28.8% (144/500)] Cause: SIGNAL_ENTRY
  --> Pipeline Funnel : Ghost=3 | Promoted=1 | Live=1
  --> SLSQP Metrics   : Eff Gross=0.31 | Port Vol=0.0277 | SPY Overlay=-11.3%
  --> Top Allocations :
      [OVERRIDE] COP/MPC | W_A: 20.0% | W_B: -13.6% | Inno Z: -0.94 | ECDF: 1.00 | Alpha: 0.8957
------------------------------------------------------------

[Dynamic Rebalance @ 2025-04-07 | Progress:  29.0% (145/500)] Cause: SIGNAL_ENTRY
  --> Pipeline Funnel : Ghost=2 | Promoted=1 | Live=2
  --> SLSQP Metrics   : Eff Gross=0.33 | Port Vol=0.0283 | SPY Overlay=-4.1%
  --> Top Allocations :
      [OVERRIDE] INVH/KIM | W_A: 20.0% | W_B: -11.5% | Inno Z: -0.67 | ECDF: 0.98 | Alpha: 0.7924
      [OVERRIDE] COP/MPC | W_A: 8.6% | W_B: -5.8% | Inno Z: -0.94 | ECDF: 0.90 | Alpha: 0.2167
------------------------------------------------------------

[Dynamic Rebalance @ 2025-04-09 | Progress:  29.4% (147/500)] Cause: SIGNAL_EXIT
  --> Pipeline Funnel : Ghost=1 | Promoted=0 | Live=1
  --> SLSQP Metrics   : Eff Gross=0.22 | Port Vol=0.0256 | SPY Overlay=-1.5%
  --> Top Allocations :
      [OVERRIDE] INVH/KIM | W_A: 20.0% | W_B: -11.5% | Inno Z: -0.67 | ECDF: 0.02 | Alpha: 0.2555
------------------------------------------------------------

[Dynamic Rebalance @ 2025-04-14 | Progress:  30.0% (150/500)] Cause: SIGNAL_EXIT
  --> Pipeline Funnel : Ghost=1 | Promoted=0 | Live=0
------------------------------------------------------------

[Dynamic Rebalance @ 2025-11-19 | Progress:  60.4% (302/500)] Cause: SIGNAL_ENTRY
  --> Pipeline Funnel : Ghost=3 | Promoted=1 | Live=1
  --> SLSQP Metrics   : Eff Gross=0.51 | Port Vol=0.0403 | SPY Overlay=15.8%
  --> Top Allocations :
      [BASE] ES/FE | W_A: 35.0% | W_B: -29.4% | Inno Z: -2.19 | ECDF: 1.00 | Alpha: 3.7258
------------------------------------------------------------

[Dynamic Rebalance @ 2025-11-25 | Progress:  61.2% (306/500)] Cause: SIGNAL_EXIT
  --> Pipeline Funnel : Ghost=1 | Promoted=0 | Live=0
------------------------------------------------------------

[Dynamic Rebalance @ 2025-12-12 | Progress:  63.6% (318/500)] Cause: SIGNAL_ENTRY
  --> Pipeline Funnel : Ghost=7 | Promoted=1 | Live=1
  --> SLSQP Metrics   : Eff Gross=0.55 | Port Vol=0.0565 | SPY Overlay=-30.0%
  --> Top Allocations :
      [BASE] AVGO/NVDA | W_A: 25.0% | W_B: -17.3% | Inno Z: -1.45 | ECDF: 1.00 | Alpha: 3.4697
------------------------------------------------------------

[Dynamic Rebalance @ 2025-12-16 | Progress:  64.0% (320/500)] Cause: SIGNAL_EXIT
  --> Pipeline Funnel : Ghost=6 | Promoted=0 | Live=0
------------------------------------------------------------

[Dynamic Rebalance @ 2026-01-16 | Progress:  68.2% (341/500)] Cause: SIGNAL_ENTRY
  --> Pipeline Funnel : Ghost=4 | Promoted=1 | Live=1
  --> SLSQP Metrics   : Eff Gross=0.30 | Port Vol=0.0314 | SPY Overlay=-10.3%
  --> Top Allocations :
      [OVERRIDE] CEG/VST | W_A: 20.0% | W_B: -13.8% | Inno Z: -0.77 | ECDF: 0.98 | Alpha: 1.4780
------------------------------------------------------------

[Dynamic Rebalance @ 2026-01-22 | Progress:  68.8% (344/500)] Cause: SIGNAL_EXIT
  --> Pipeline Funnel : Ghost=5 | Promoted=0 | Live=0
------------------------------------------------------------

[Dynamic Rebalance @ 2026-02-12 | Progress:  71.8% (359/500)] Cause: SIGNAL_ENTRY
  --> Pipeline Funnel : Ghost=7 | Promoted=1 | Live=1
  --> SLSQP Metrics   : Eff Gross=0.55 | Port Vol=0.0536 | SPY Overlay=-30.0%
  --> Top Allocations :
      [BASE] XYZ/TROW | W_A: 25.0% | W_B: -22.8% | Inno Z: -1.50 | ECDF: 1.00 | Alpha: 2.3854
------------------------------------------------------------

[Dynamic Rebalance @ 2026-02-17 | Progress:  72.2% (361/500)] Cause: SIGNAL_EXIT

[Dynamic Rebalance @ 2026-02-23 | Progress:  73.0% (365/500)] Cause: SIGNAL_ENTRY
  --> Pipeline Funnel : Ghost=4 | Promoted=1 | Live=1
  --> SLSQP Metrics   : Eff Gross=0.41 | Port Vol=0.0296 | SPY Overlay=-20.7%
  --> Top Allocations :
      [OVERRIDE] COF/WFC | W_A: 20.0% | W_B: -17.6% | Inno Z: -0.90 | ECDF: 0.97 | Alpha: 0.8874
------------------------------------------------------------

[Dynamic Rebalance @ 2026-02-27 | Progress:  73.8% (369/500)] Cause: SIGNAL_ENTRY
  --> Pipeline Funnel : Ghost=4 | Promoted=1 | Live=2
  --> SLSQP Metrics   : Eff Gross=0.51 | Port Vol=0.1010 | SPY Overlay=11.4%
  --> Top Allocations :
      [BASE] DELL/SMCI | W_A: -35.0% | W_B: 12.2% | Inno Z: 3.61 | ECDF: 1.00 | Alpha: 6.5882
      [OVERRIDE] COF/WFC | W_A: 5.0% | W_B: -4.5% | Inno Z: -0.90 | ECDF: 0.30 | Alpha: 0.9427
------------------------------------------------------------

[Dynamic Rebalance @ 2026-03-05 | Progress:  74.6% (373/500)] Cause: SIGNAL_EXIT
  --> Pipeline Funnel : Ghost=3 | Promoted=0 | Live=0
------------------------------------------------------------

[Dynamic Rebalance @ 2026-03-06 | Progress:  74.8% (374/500)] Cause: SIGNAL_ENTRY
  --> Pipeline Funnel : Ghost=3 | Promoted=1 | Live=1
  --> SLSQP Metrics   : Eff Gross=0.55 | Port Vol=0.0821 | SPY Overlay=-30.0%
  --> Top Allocations :
      [BASE] BAX/PFE | W_A: 25.0% | W_B: -9.1% | Inno Z: -1.25 | ECDF: 0.97 | Alpha: 1.2699
------------------------------------------------------------

[Dynamic Rebalance @ 2026-03-11 | Progress:  75.4% (377/500)] Cause: SIGNAL_EXIT
  --> Pipeline Funnel : Ghost=3 | Promoted=0 | Live=0
------------------------------------------------------------

[Dynamic Rebalance @ 2026-03-20 | Progress:  76.8% (384/500)] Cause: SIGNAL_ENTRY
  --> Pipeline Funnel : Ghost=4 | Promoted=1 | Live=1
  --> SLSQP Metrics   : Eff Gross=0.35 | Port Vol=0.1342 | SPY Overlay=-0.5%
  --> Top Allocations :
      [BASE] ANET/SMCI | W_A: -35.0% | W_B: 10.8% | Inno Z: 1.83 | ECDF: 0.98 | Alpha: 1.6653
------------------------------------------------------------

[Dynamic Rebalance @ 2026-03-24 | Progress:  77.2% (386/500)] Cause: SIGNAL_EXIT
  --> Pipeline Funnel : Ghost=3 | Promoted=0 | Live=0
------------------------------------------------------------

[Dynamic Rebalance @ 2026-03-27 | Progress:  77.8% (389/500)] Cause: SIGNAL_ENTRY
  --> Pipeline Funnel : Ghost=5 | Promoted=1 | Live=1
  --> SLSQP Metrics   : Eff Gross=0.42 | Port Vol=0.0581 | SPY Overlay=-22.2%
  --> Top Allocations :
      [OVERRIDE] XYZ/TROW | W_A: 20.0% | W_B: -18.8% | Inno Z: -0.73 | ECDF: 0.86 | Alpha: 0.9191
------------------------------------------------------------

[Dynamic Rebalance @ 2026-04-09 | Progress:  79.4% (397/500)] Cause: SIGNAL_ENTRY
  --> Pipeline Funnel : Ghost=2 | Promoted=1 | Live=2
  --> SLSQP Metrics   : Eff Gross=0.56 | Port Vol=0.0699 | SPY Overlay=-18.3%
  --> Top Allocations :
      [OVERRIDE] XYZ/TROW | W_A: 20.0% | W_B: -19.1% | Inno Z: -0.73 | ECDF: 0.03 | Alpha: 1.3297
      [OVERRIDE] HRL/KDP | W_A: 17.3% | W_B: -7.1% | Inno Z: -0.66 | ECDF: 0.95 | Alpha: 1.0181
------------------------------------------------------------

[Dynamic Rebalance @ 2026-04-10 | Progress:  79.6% (398/500)] Cause: SIGNAL_EXIT
  --> Pipeline Funnel : Ghost=1 | Promoted=0 | Live=1
  --> SLSQP Metrics   : Eff Gross=0.22 | Port Vol=0.0348 | SPY Overlay=2.4%
  --> Top Allocations :
      [OVERRIDE] HRL/KDP | W_A: 20.0% | W_B: -8.0% | Inno Z: -0.66 | ECDF: 0.87 | Alpha: 0.6890
------------------------------------------------------------

[Dynamic Rebalance @ 2026-04-13 | Progress:  79.8% (399/500)] Cause: SIGNAL_EXIT
  --> Pipeline Funnel : Ghost=3 | Promoted=0 | Live=0
------------------------------------------------------------

[Dynamic Rebalance @ 2026-04-17 | Progress:  80.6% (403/500)] Cause: SIGNAL_ENTRY
  --> Pipeline Funnel : Ghost=5 | Promoted=1 | Live=1
  --> SLSQP Metrics   : Eff Gross=0.44 | Port Vol=0.0733 | SPY Overlay=24.0%
  --> Top Allocations :
      [OVERRIDE] BAX/PFE | W_A: -20.0% | W_B: 7.5% | Inno Z: 0.70 | ECDF: 0.86 | Alpha: 0.7542
------------------------------------------------------------

[Dynamic Rebalance @ 2026-04-21 | Progress:  81.0% (405/500)] Cause: SIGNAL_EXIT
  --> Pipeline Funnel : Ghost=7 | Promoted=1 | Live=1
  --> SLSQP Metrics   : Eff Gross=0.40 | Port Vol=0.0629 | SPY Overlay=19.8%
  --> Top Allocations :
      [OVERRIDE] ANET/NVDA | W_A: -20.0% | W_B: 12.8% | Inno Z: 0.68 | ECDF: 0.86 | Alpha: 1.1263
------------------------------------------------------------

[Dynamic Rebalance @ 2026-04-23 | Progress:  81.4% (407/500)] Cause: SIGNAL_EXIT
  --> Pipeline Funnel : Ghost=7 | Promoted=0 | Live=0
------------------------------------------------------------

[Dynamic Rebalance @ 2026-04-24 | Progress:  81.6% (408/500)] Cause: SIGNAL_ENTRY
  --> Pipeline Funnel : Ghost=7 | Promoted=1 | Live=1
  --> SLSQP Metrics   : Eff Gross=0.23 | Port Vol=0.0394 | SPY Overlay=3.0%
  --> Top Allocations :
      [OVERRIDE] CEG/VST | W_A: -20.0% | W_B: 14.0% | Inno Z: 0.61 | ECDF: 0.95 | Alpha: 0.8943
------------------------------------------------------------

[Dynamic Rebalance @ 2026-04-27 | Progress:  81.8% (409/500)] Cause: SIGNAL_ENTRY
  --> Pipeline Funnel : Ghost=7 | Promoted=1 | Live=1
  --> SLSQP Metrics   : Eff Gross=0.42 | Port Vol=0.0602 | SPY Overlay=-22.2%
  --> Top Allocations :
      [OVERRIDE] ANET/NVDA | W_A: 20.0% | W_B: -12.6% | Inno Z: -0.76 | ECDF: 0.89 | Alpha: 1.3302
------------------------------------------------------------

[Dynamic Rebalance @ 2026-04-29 | Progress:  82.2% (411/500)] Cause: SIGNAL_EXIT
  --> Pipeline Funnel : Ghost=7 | Promoted=0 | Live=0
------------------------------------------------------------

[Dynamic Rebalance @ 2026-04-30 | Progress:  82.4% (412/500)] Cause: SIGNAL_ENTRY
  --> Pipeline Funnel : Ghost=7 | Promoted=3 | Live=3
  --> SLSQP Metrics   : Eff Gross=0.58 | Port Vol=0.0495 | SPY Overlay=30.0%
  --> Top Allocations :
      [BASE] AVGO/NVDA | W_A: -11.4% | W_B: 7.9% | Inno Z: 0.96 | ECDF: 1.00 | Alpha: 1.7295
      [OVERRIDE] ANET/NVDA | W_A: -11.4% | W_B: 7.3% | Inno Z: 0.85 | ECDF: 0.95 | Alpha: 1.6252
      [OVERRIDE] AWK/SO | W_A: 5.5% | W_B: -4.7% | Inno Z: -0.90 | ECDF: 1.00 | Alpha: 0.7638
------------------------------------------------------------

[Dynamic Rebalance @ 2026-05-04 | Progress:  82.8% (414/500)] Cause: SIGNAL_ENTRY
  --> Pipeline Funnel : Ghost=4 | Promoted=1 | Live=4
  --> SLSQP Metrics   : Eff Gross=0.73 | Port Vol=0.0483 | SPY Overlay=30.0%
  --> Top Allocations :
      [OVERRIDE] AWK/SO | W_A: 13.2% | W_B: -11.2% | Inno Z: -0.90 | ECDF: 0.32 | Alpha: 0.1333
      [OVERRIDE] CCI/VICI | W_A: -13.2% | W_B: 11.0% | Inno Z: 0.65 | ECDF: 0.90 | Alpha: 0.9371
      [OVERRIDE] ANET/NVDA | W_A: -8.6% | W_B: 5.5% | Inno Z: 0.85 | ECDF: 0.06 | Alpha: 0.0642
------------------------------------------------------------

[Dynamic Rebalance @ 2026-05-05 | Progress:  83.0% (415/500)] Cause: SIGNAL_EXIT
  --> Pipeline Funnel : Ghost=3 | Promoted=0 | Live=1
  --> SLSQP Metrics   : Eff Gross=0.55 | Port Vol=0.0507 | SPY Overlay=30.0%
  --> Top Allocations :
      [BASE] AVGO/NVDA | W_A: -25.0% | W_B: 17.6% | Inno Z: 0.96 | ECDF: 0.84 | Alpha: 0.6736
------------------------------------------------------------

[Dynamic Rebalance @ 2026-05-07 | Progress:  83.4% (417/500)] Cause: SIGNAL_EXIT
  --> Pipeline Funnel : Ghost=3 | Promoted=0 | Live=0
------------------------------------------------------------

[Dynamic Rebalance @ 2026-05-08 | Progress:  83.6% (418/500)] Cause: SIGNAL_ENTRY
  --> Pipeline Funnel : Ghost=3 | Promoted=1 | Live=1
  --> SLSQP Metrics   : Eff Gross=0.60 | Port Vol=0.0794 | SPY Overlay=30.0%
  --> Top Allocations :
      [BASE] CRL/MTD | W_A: -29.8% | W_B: 21.2% | Inno Z: 1.10 | ECDF: 1.00 | Alpha: 3.0387
------------------------------------------------------------

[Dynamic Rebalance @ 2026-05-12 | Progress:  84.0% (420/500)] Cause: SIGNAL_EXIT
  --> Pipeline Funnel : Ghost=2 | Promoted=0 | Live=0
------------------------------------------------------------

[Dynamic Rebalance @ 2026-05-28 | Progress:  86.2% (431/500)] Cause: SIGNAL_ENTRY
  --> Pipeline Funnel : Ghost=2 | Promoted=1 | Live=1
  --> SLSQP Metrics   : Eff Gross=0.44 | Port Vol=0.0535 | SPY Overlay=23.6%
  --> Top Allocations :
      [OVERRIDE] XYZ/TROW | W_A: -20.0% | W_B: 19.2% | Inno Z: 0.88 | ECDF: 0.95 | Alpha: 1.4742
------------------------------------------------------------

[Dynamic Rebalance @ 2026-06-02 | Progress:  86.8% (434/500)] Cause: SIGNAL_EXIT
  --> Pipeline Funnel : Ghost=2 | Promoted=0 | Live=0
------------------------------------------------------------

[Dynamic Rebalance @ 2026-06-03 | Progress:  87.0% (435/500)] Cause: SIGNAL_ENTRY
  --> Pipeline Funnel : Ghost=2 | Promoted=1 | Live=1
  --> SLSQP Metrics   : Eff Gross=0.55 | Port Vol=0.0483 | SPY Overlay=-30.0%
  --> Top Allocations :
      [BASE] XYZ/TROW | W_A: 25.0% | W_B: -23.9% | Inno Z: -1.01 | ECDF: 0.98 | Alpha: 1.8924
------------------------------------------------------------

[Dynamic Rebalance @ 2026-06-08 | Progress:  87.6% (438/500)] Cause: SIGNAL_EXIT
  --> Pipeline Funnel : Ghost=4 | Promoted=0 | Live=0
------------------------------------------------------------

[Dynamic Rebalance @ 2026-06-24 | Progress:  89.8% (449/500)] Cause: SIGNAL_ENTRY
  --> Pipeline Funnel : Ghost=7 | Promoted=1 | Live=1
  --> SLSQP Metrics   : Eff Gross=0.53 | Port Vol=0.0952 | SPY Overlay=17.9%
  --> Top Allocations :
      [BASE] BAX/PFE | W_A: -35.0% | W_B: 14.6% | Inno Z: 1.27 | ECDF: 1.00 | Alpha: 1.7896
------------------------------------------------------------

[Dynamic Rebalance @ 2026-06-25 | Progress:  90.0% (450/500)] Cause: SIGNAL_ENTRY
  --> Pipeline Funnel : Ghost=7 | Promoted=1 | Live=2
  --> SLSQP Metrics   : Eff Gross=0.85 | Port Vol=0.1048 | SPY Overlay=25.3%
  --> Top Allocations :
      [BASE] BAX/PFE | W_A: -35.0% | W_B: 14.7% | Inno Z: 1.27 | ECDF: 0.95 | Alpha: 1.3807
      [BASE] MSCI/TROW | W_A: 24.6% | W_B: -16.3% | Inno Z: -1.03 | ECDF: 1.00 | Alpha: 0.7488
------------------------------------------------------------

[Dynamic Rebalance @ 2026-07-01 | Progress:  90.8% (454/500)] Cause: SIGNAL_EXIT
  --> Pipeline Funnel : Ghost=3 | Promoted=0 | Live=0
------------------------------------------------------------

[Dynamic Rebalance @ 2026-08-05 | Progress:  95.6% (478/500)] Cause: SIGNAL_ENTRY
  --> Pipeline Funnel : Ghost=5 | Promoted=1 | Live=1
  --> SLSQP Metrics   : Eff Gross=0.56 | Port Vol=0.0787 | SPY Overlay=20.6%
  --> Top Allocations :
      [BASE] CCI/WY | W_A: 35.0% | W_B: -15.7% | Inno Z: -0.98 | ECDF: 0.97 | Alpha: 0.6927
------------------------------------------------------------

[Dynamic Rebalance @ 2026-08-06 | Progress:  95.8% (479/500)] Cause: SIGNAL_ENTRY
  --> Pipeline Funnel : Ghost=5 | Promoted=1 | Live=1
  --> SLSQP Metrics   : Eff Gross=0.28 | Port Vol=0.0414 | SPY Overlay=-8.4%
  --> Top Allocations :
      [OVERRIDE] XYZ/TROW | W_A: 20.0% | W_B: -18.9% | Inno Z: -0.79 | ECDF: 0.92 | Alpha: 1.0717
------------------------------------------------------------

[Dynamic Rebalance @ 2026-08-12 | Progress:  96.6% (483/500)] Cause: SIGNAL_EXIT
  --> Pipeline Funnel : Ghost=5 | Promoted=0 | Live=0
------------------------------------------------------------

=====================================================================================
FUNNEL CONVERSION ATTRIBUTION & MARGINAL PERFORMANCE REPORT
=====================================================================================
  Funnel Tier / Portfolio Stage          | Ann. Return [%]    | Sortino Ratio     
-------------------------------------------------------------------------------------
  Ghost Portfolio (Raw Universe)         |               nan% |             1.1179
  Promoted Portfolio (Parametric Gated)  |               nan% |            -0.1493
  Live Portfolio (SLSQP Optimized)       |              7.19% |             1.3535
-------------------------------------------------------------------------------------
  --> Parametric Selection Delta         |              +nan% |            -1.2672
  --> Optimizer Allocation Delta         |              +nan% |            +1.5028
=====================================================================================

=====================================================================================
QUANTITATIVE MARKET NEUTRALITY & FACTOR DIAGNOSTIC AUDIT
=====================================================================================
                    Metric  Value Threshold Status
          Annualized Alpha  6.80%       N/A   INFO
         Market Beta (β_m) 0.0106  < |0.01|   FAIL
              Beta p-value 0.3228   >= 0.05   PASS
          Beta t-statistic 0.9897  < |1.96|   PASS
   Variance Explained (R²)  0.20%    < 0.5%   PASS
Bull Market Beta (R_m > 0) 0.0146  < |0.01|   FAIL
Bear Market Beta (R_m < 0) 0.0127  < |0.01|   FAIL
-------------------------------------------------------------------------------------
  VERDICT: Market Neutral = FALSE | Failures: Market Beta (β_m), Bull Market Beta (R_m > 0), Bear Market Beta (R_m < 0)
=====================================================================================

=====================================================================================
INVESTMENT COMMITTEE PAIR REVIEW TEARSHEET (ATTRIBUTED BY REGIME)
=====================================================================================
Strategy_Origin   Pair_Legs  Total_Return_[%]  Sharpe_Ratio  Sortino_Ratio  Max_DD_[%]  Win_Rate_[%]  Total_Trades
           BASE     ES / FE          1.188832      0.936130       1.828122    0.010249     50.000000             6
           BASE    EXC / NI          0.291051      0.487322       0.562102    0.008196    100.000000             2
           BASE    CCI / WY          0.217460      0.483341       0.435199    0.007909     50.000000             2
           BASE    ATO / NI          0.143295      0.482033       0.404973    0.005601    100.000000             2
           BASE DELL / SMCI          1.410195      0.459509       0.110337    0.366671     75.000000             4
           BASE MSCI / TROW          0.870908      0.452627       0.041523    0.476322     57.142857             7
           BASE ANET / SMCI          1.368997      0.416722       0.122186    0.251439    100.000000             3
           BASE AVGO / SMCI          0.283366      0.291971       0.057022    0.126149    100.000000             2
           BASE AVGO / KLAC          0.473369      0.127750       0.011683    1.479165     25.000000             8
           BASE AVGO / NVDA         -0.080064     -0.023143      -0.002767    0.756088     44.444444             9
           BASE   CRL / MTD         -0.072931     -0.194140      -0.010107    0.169207     33.333333             3
           BASE   BAX / PFE         -0.950711     -0.219046      -0.022851    2.007447     50.000000            12
           BASE     D / SRE         -0.291869     -0.243739      -0.025962    0.548787     40.000000            15
           BASE     D / ETR         -0.226780     -0.590698      -0.032299    0.226780      0.000000             2
           BASE  IVZ / PYPL         -0.248983     -0.717548      -0.039222    0.248983     25.000000             4
       OVERRIDE  XYZ / TROW          5.260142      0.945022       0.261281    0.758241     52.173913            23
       OVERRIDE ANET / NVDA          3.748136      0.942257      12.682706    0.005315     80.000000            10
       OVERRIDE  INVH / KIM          0.590703      0.673827       0.078592    0.167937     50.000000             8
       OVERRIDE  ADI / MPWR          0.486733      0.647672       2.360811    0.003260    100.000000             3
       OVERRIDE    DTE / FE          0.229947      0.628397       0.837171    0.004345     75.000000             4
       OVERRIDE   HRL / KDP          0.330715      0.588422       1.374390    0.003807    100.000000             2
       OVERRIDE    AWK / SO          0.215331      0.449474       0.146791    0.032802     50.000000             2
       OVERRIDE  FITB / TFC          0.078746      0.173507       0.020887    0.157510     50.000000             8
       OVERRIDE   COF / WFC          0.145501      0.098004       0.012458    0.681062     55.555556             9
       OVERRIDE   BAC / CFG          0.012098      0.016557       0.001583    0.196564     33.333333             3
       OVERRIDE   COP / MPC         -0.412371     -0.361549      -0.022938    0.412371     50.000000             6
       OVERRIDE   CEG / VST         -0.597648     -0.463042      -0.030636    0.862559     14.285714             7
       OVERRIDE  CCI / VICI         -0.028024     -0.574629      -0.025656    0.028024     50.000000             2
       OVERRIDE   AMT / KIM         -1.754033     -0.601014      -0.054414    1.985551     33.333333            12

=====================================================================================
WALK-FORWARD NET PORTFOLIO STATS (POST-FEES & EXECUTION LAG)
=====================================================================================
Start                         2024-09-09 00:00:00
End                           2026-09-04 00:00:00
Period                                        500
Start Value                              250000.0
End Value                           287102.674547
Total Return [%]                         14.84107
Benchmark Return [%]                    57.596452
Max Gross Exposure [%]                 117.133902
Total Fees Paid                       1693.652716
Max Drawdown [%]                         2.129824
Max Drawdown Duration                       267.0
Total Trades                                  142
Total Closed Trades                           142
Total Open Trades                               0
Open Trade PnL                                0.0
Win Rate [%]                            53.521127
Best Trade [%]                          14.818782
Worst Trade [%]                         -8.596565
Avg Winning Trade [%]                     2.84178
Avg Losing Trade [%]                    -2.369757
Avg Winning Trade Duration               3.131579
Avg Losing Trade Duration                3.484848
Profit Factor                            1.659053
Expectancy                              261.28644

=====================================================================================
ACTIONABLE MARKET-ON-OPEN (MOO) ORDER BLOTTER FOR NEXT SESSION
=====================================================================================
Empty DataFrame
Columns: [Ticker, Action, Order_Type, Delta_Shares, Target_Shares, Current_Shares, Est_Order_USD, Target_Weight_%, ADV_Participation_%, Price_Ref]
Index: []

>>> entry_ecdf_percentile=0.85: too_low: 7.19%

=====================================================================================
TUNING RUN: entry_ecdf_percentile=0.9
=====================================================================================
=====================================================================================
STARTING ROBUST STAT-ARB ENGINE (NOISE-FILTERED OVERRIDE)
=====================================================================================
[Pipeline Info] 'SPY' ticker detected. Using real SPY price series for CAPM benchmark.
[DAG Pre-Compute] Initializing Vectorized Matrix Space...
[DAG Pre-Compute] Processing 1570 Sector-Matched Residual Pairs...
[DAG Pre-Compute] Completed successfully. Executing Portfolio Routing Loop.
[Friction Engine] Goldilocks absolute minimum alpha floor calibrated to 0.66%

[Dynamic Rebalance @ 2024-09-09 | Progress:   0.2% (1/500)] Cause: INITIAL_ENTRY
  --> Pipeline Funnel : Ghost=4 | Promoted=0 | Live=0
------------------------------------------------------------

[Dynamic Rebalance @ 2024-09-26 | Progress:   2.8% (14/500)] Cause: SIGNAL_ENTRY
  --> Pipeline Funnel : Ghost=4 | Promoted=1 | Live=1
  --> SLSQP Metrics   : Eff Gross=0.55 | Port Vol=0.0916 | SPY Overlay=30.0%
  --> Top Allocations :
      [BASE] AVGO/SMCI | W_A: -25.0% | W_B: 9.9% | Inno Z: 1.23 | ECDF: 0.97 | Alpha: 2.1921
------------------------------------------------------------

[Dynamic Rebalance @ 2024-10-01 | Progress:   3.4% (17/500)] Cause: SIGNAL_EXIT
  --> Pipeline Funnel : Ghost=8 | Promoted=0 | Live=0
------------------------------------------------------------

[Dynamic Rebalance @ 2024-10-15 | Progress:   5.4% (27/500)] Cause: SIGNAL_ENTRY
  --> Pipeline Funnel : Ghost=4 | Promoted=1 | Live=1
  --> SLSQP Metrics   : Eff Gross=0.54 | Port Vol=0.0658 | SPY Overlay=-18.7%
  --> Top Allocations :
      [BASE] AVGO/KLAC | W_A: -35.0% | W_B: 29.6% | Inno Z: 1.53 | ECDF: 1.00 | Alpha: 2.6873
------------------------------------------------------------

[Dynamic Rebalance @ 2024-10-17 | Progress:   5.8% (29/500)] Cause: SIGNAL_ENTRY
  --> Pipeline Funnel : Ghost=5 | Promoted=1 | Live=2
  --> SLSQP Metrics   : Eff Gross=0.66 | Port Vol=0.0722 | SPY Overlay=-18.7%
  --> Top Allocations :
      [BASE] AVGO/KLAC | W_A: -33.5% | W_B: 28.5% | Inno Z: 1.53 | ECDF: 0.94 | Alpha: 1.3541
      [OVERRIDE] FITB/TFC | W_A: -13.8% | W_B: 12.0% | Inno Z: 0.69 | ECDF: 1.00 | Alpha: 0.7170
------------------------------------------------------------

[Dynamic Rebalance @ 2024-10-25 | Progress:   7.0% (35/500)] Cause: SIGNAL_EXIT
  --> Pipeline Funnel : Ghost=6 | Promoted=0 | Live=0
------------------------------------------------------------

[Dynamic Rebalance @ 2024-10-29 | Progress:   7.4% (37/500)] Cause: SIGNAL_ENTRY
  --> Pipeline Funnel : Ghost=6 | Promoted=1 | Live=1
  --> SLSQP Metrics   : Eff Gross=0.41 | Port Vol=0.0233 | SPY Overlay=20.7%
  --> Top Allocations :
      [OVERRIDE] AMT/KIM | W_A: 20.0% | W_B: -14.7% | Inno Z: -0.79 | ECDF: 0.98 | Alpha: 0.9462
------------------------------------------------------------

[Dynamic Rebalance @ 2024-10-31 | Progress:   7.8% (39/500)] Cause: SIGNAL_ENTRY
  --> Pipeline Funnel : Ghost=7 | Promoted=2 | Live=3
  --> SLSQP Metrics   : Eff Gross=0.64 | Port Vol=0.0207 | SPY Overlay=-30.0%
  --> Top Allocations :
      [BASE] D/ETR | W_A: 17.1% | W_B: -12.8% | Inno Z: -1.70 | ECDF: 1.00 | Alpha: 3.8541
      [OVERRIDE] ADI/MPWR | W_A: -13.1% | W_B: 6.9% | Inno Z: 0.85 | ECDF: 1.00 | Alpha: 2.0043
      [OVERRIDE] AMT/KIM | W_A: 3.4% | W_B: -2.5% | Inno Z: -0.79 | ECDF: 0.03 | Alpha: 0.0991
------------------------------------------------------------

[Dynamic Rebalance @ 2024-11-04 | Progress:   8.2% (41/500)] Cause: SIGNAL_EXIT
  --> Pipeline Funnel : Ghost=0 | Promoted=0 | Live=1
  --> SLSQP Metrics   : Eff Gross=0.37 | Port Vol=0.0229 | SPY Overlay=17.2%
  --> Top Allocations :
      [OVERRIDE] AMT/KIM | W_A: 20.0% | W_B: -14.5% | Inno Z: -0.79 | ECDF: 0.70 | Alpha: 0.2308
------------------------------------------------------------

[Dynamic Rebalance @ 2024-11-05 | Progress:   8.4% (42/500)] Cause: SIGNAL_EXIT
  --> Pipeline Funnel : Ghost=2 | Promoted=0 | Live=0
------------------------------------------------------------

[Dynamic Rebalance @ 2024-11-06 | Progress:   8.6% (43/500)] Cause: SIGNAL_ENTRY
  --> Pipeline Funnel : Ghost=4 | Promoted=2 | Live=2
  --> SLSQP Metrics   : Eff Gross=0.55 | Port Vol=0.0188 | SPY Overlay=30.0%
  --> Top Allocations :
      [BASE] D/SRE | W_A: 13.0% | W_B: -10.7% | Inno Z: -1.44 | ECDF: 1.00 | Alpha: 2.6301
      [BASE] AMT/KIM | W_A: 12.0% | W_B: -8.6% | Inno Z: -1.42 | ECDF: 1.00 | Alpha: 1.9462
------------------------------------------------------------

[Dynamic Rebalance @ 2024-11-07 | Progress:   8.8% (44/500)] Cause: SIGNAL_ENTRY
  --> Pipeline Funnel : Ghost=3 | Promoted=1 | Live=3
  --> SLSQP Metrics   : Eff Gross=0.64 | Port Vol=0.0265 | SPY Overlay=30.0%
  --> Top Allocations :
      [BASE] AMT/KIM | W_A: 14.1% | W_B: -9.9% | Inno Z: -1.42 | ECDF: 0.97 | Alpha: 0.7889
      [OVERRIDE] DTE/FE | W_A: 14.1% | W_B: -13.1% | Inno Z: -0.74 | ECDF: 1.00 | Alpha: 1.1191
      [BASE] D/SRE | W_A: 5.7% | W_B: -4.6% | Inno Z: -1.44 | ECDF: 0.98 | Alpha: 0.3180
------------------------------------------------------------

[Dynamic Rebalance @ 2024-11-08 | Progress:   9.0% (45/500)] Cause: SIGNAL_EXIT
  --> Pipeline Funnel : Ghost=3 | Promoted=0 | Live=2
  --> SLSQP Metrics   : Eff Gross=0.60 | Port Vol=0.0281 | SPY Overlay=30.0%
  --> Top Allocations :
      [BASE] D/SRE | W_A: 22.0% | W_B: -17.7% | Inno Z: -1.44 | ECDF: 0.48 | Alpha: 0.2159
      [OVERRIDE] DTE/FE | W_A: 8.3% | W_B: -7.7% | Inno Z: -0.74 | ECDF: 0.92 | Alpha: 0.0988
------------------------------------------------------------

[Dynamic Rebalance @ 2024-11-11 | Progress:   9.2% (46/500)] Cause: SIGNAL_EXIT
  --> Pipeline Funnel : Ghost=4 | Promoted=1 | Live=2
  --> SLSQP Metrics   : Eff Gross=0.55 | Port Vol=0.0285 | SPY Overlay=30.0%
  --> Top Allocations :
      [OVERRIDE] AMT/KIM | W_A: 12.9% | W_B: -9.0% | Inno Z: -0.63 | ECDF: 0.94 | Alpha: 0.7213
      [BASE] D/SRE | W_A: 12.1% | W_B: -9.7% | Inno Z: -1.44 | ECDF: 0.29 | Alpha: 0.2613
------------------------------------------------------------

[Dynamic Rebalance @ 2024-11-13 | Progress:   9.6% (48/500)] Cause: SIGNAL_EXIT
  --> Pipeline Funnel : Ghost=3 | Promoted=0 | Live=1
  --> SLSQP Metrics   : Eff Gross=0.55 | Port Vol=0.0304 | SPY Overlay=30.0%
  --> Top Allocations :
      [BASE] D/SRE | W_A: 25.0% | W_B: -20.0% | Inno Z: -1.44 | ECDF: 0.87 | Alpha: 0.0097
------------------------------------------------------------

[Dynamic Rebalance @ 2024-11-22 | Progress:  11.0% (55/500)] Cause: SIGNAL_EXIT
  --> Pipeline Funnel : Ghost=2 | Promoted=0 | Live=0
------------------------------------------------------------

[Dynamic Rebalance @ 2025-01-27 | Progress:  19.2% (96/500)] Cause: SIGNAL_ENTRY
  --> Pipeline Funnel : Ghost=5 | Promoted=2 | Live=2
  --> SLSQP Metrics   : Eff Gross=0.77 | Port Vol=0.0272 | SPY Overlay=-30.0%
  --> Top Allocations :
      [BASE] EXC/NI | W_A: -28.6% | W_B: 22.3% | Inno Z: 1.13 | ECDF: 1.00 | Alpha: 1.7885
      [BASE] ATO/NI | W_A: -18.8% | W_B: 16.1% | Inno Z: 0.95 | ECDF: 1.00 | Alpha: 0.8759
------------------------------------------------------------

[Dynamic Rebalance @ 2025-01-28 | Progress:  19.4% (97/500)] Cause: SIGNAL_ENTRY
  --> Pipeline Funnel : Ghost=5 | Promoted=1 | Live=1
  --> SLSQP Metrics   : Eff Gross=0.41 | Port Vol=0.0310 | SPY Overlay=22.1%
  --> Top Allocations :
      [BASE] IVZ/PYPL | W_A: -18.5% | W_B: 8.6% | Inno Z: 1.57 | ECDF: 1.00 | Alpha: 3.0354
------------------------------------------------------------

[Dynamic Rebalance @ 2025-01-30 | Progress:  19.8% (99/500)] Cause: SIGNAL_EXIT
  --> Pipeline Funnel : Ghost=3 | Promoted=0 | Live=0
------------------------------------------------------------

[Dynamic Rebalance @ 2025-03-04 | Progress:  24.2% (121/500)] Cause: SIGNAL_ENTRY
  --> Pipeline Funnel : Ghost=1 | Promoted=1 | Live=1
  --> SLSQP Metrics   : Eff Gross=0.31 | Port Vol=0.0172 | SPY Overlay=-11.3%
  --> Top Allocations :
      [OVERRIDE] BAC/CFG | W_A: 20.0% | W_B: -12.9% | Inno Z: -0.73 | ECDF: 1.00 | Alpha: 0.9144
------------------------------------------------------------

[Dynamic Rebalance @ 2025-03-07 | Progress:  24.8% (124/500)] Cause: SIGNAL_EXIT
  --> Pipeline Funnel : Ghost=1 | Promoted=0 | Live=0
------------------------------------------------------------

[Dynamic Rebalance @ 2025-04-04 | Progress:  28.8% (144/500)] Cause: SIGNAL_ENTRY
  --> Pipeline Funnel : Ghost=3 | Promoted=1 | Live=1
  --> SLSQP Metrics   : Eff Gross=0.31 | Port Vol=0.0277 | SPY Overlay=-11.3%
  --> Top Allocations :
      [OVERRIDE] COP/MPC | W_A: 20.0% | W_B: -13.6% | Inno Z: -0.94 | ECDF: 1.00 | Alpha: 0.8957
------------------------------------------------------------

[Dynamic Rebalance @ 2025-04-07 | Progress:  29.0% (145/500)] Cause: SIGNAL_ENTRY
  --> Pipeline Funnel : Ghost=2 | Promoted=1 | Live=2
  --> SLSQP Metrics   : Eff Gross=0.33 | Port Vol=0.0283 | SPY Overlay=-4.1%
  --> Top Allocations :
      [OVERRIDE] INVH/KIM | W_A: 20.0% | W_B: -11.5% | Inno Z: -0.67 | ECDF: 0.98 | Alpha: 0.7924
      [OVERRIDE] COP/MPC | W_A: 8.6% | W_B: -5.8% | Inno Z: -0.94 | ECDF: 0.90 | Alpha: 0.2167
------------------------------------------------------------

[Dynamic Rebalance @ 2025-04-09 | Progress:  29.4% (147/500)] Cause: SIGNAL_EXIT
  --> Pipeline Funnel : Ghost=1 | Promoted=0 | Live=1
  --> SLSQP Metrics   : Eff Gross=0.22 | Port Vol=0.0256 | SPY Overlay=-1.5%
  --> Top Allocations :
      [OVERRIDE] INVH/KIM | W_A: 20.0% | W_B: -11.5% | Inno Z: -0.67 | ECDF: 0.02 | Alpha: 0.2555
------------------------------------------------------------

[Dynamic Rebalance @ 2025-04-14 | Progress:  30.0% (150/500)] Cause: SIGNAL_EXIT
  --> Pipeline Funnel : Ghost=1 | Promoted=0 | Live=0
------------------------------------------------------------

[Dynamic Rebalance @ 2025-11-19 | Progress:  60.4% (302/500)] Cause: SIGNAL_ENTRY
  --> Pipeline Funnel : Ghost=3 | Promoted=1 | Live=1
  --> SLSQP Metrics   : Eff Gross=0.51 | Port Vol=0.0403 | SPY Overlay=15.8%
  --> Top Allocations :
      [BASE] ES/FE | W_A: 35.0% | W_B: -29.4% | Inno Z: -2.19 | ECDF: 1.00 | Alpha: 3.7258
------------------------------------------------------------

[Dynamic Rebalance @ 2025-11-25 | Progress:  61.2% (306/500)] Cause: SIGNAL_EXIT
  --> Pipeline Funnel : Ghost=1 | Promoted=0 | Live=0
------------------------------------------------------------

[Dynamic Rebalance @ 2025-12-12 | Progress:  63.6% (318/500)] Cause: SIGNAL_ENTRY
  --> Pipeline Funnel : Ghost=7 | Promoted=1 | Live=1
  --> SLSQP Metrics   : Eff Gross=0.55 | Port Vol=0.0565 | SPY Overlay=-30.0%
  --> Top Allocations :
      [BASE] AVGO/NVDA | W_A: 25.0% | W_B: -17.3% | Inno Z: -1.45 | ECDF: 1.00 | Alpha: 3.4697
------------------------------------------------------------

[Dynamic Rebalance @ 2025-12-16 | Progress:  64.0% (320/500)] Cause: SIGNAL_EXIT
  --> Pipeline Funnel : Ghost=6 | Promoted=0 | Live=0
------------------------------------------------------------

[Dynamic Rebalance @ 2026-01-16 | Progress:  68.2% (341/500)] Cause: SIGNAL_ENTRY
  --> Pipeline Funnel : Ghost=4 | Promoted=1 | Live=1
  --> SLSQP Metrics   : Eff Gross=0.30 | Port Vol=0.0314 | SPY Overlay=-10.3%
  --> Top Allocations :
      [OVERRIDE] CEG/VST | W_A: 20.0% | W_B: -13.8% | Inno Z: -0.77 | ECDF: 0.98 | Alpha: 1.4780
------------------------------------------------------------

[Dynamic Rebalance @ 2026-01-22 | Progress:  68.8% (344/500)] Cause: SIGNAL_EXIT
  --> Pipeline Funnel : Ghost=5 | Promoted=0 | Live=0
------------------------------------------------------------

[Dynamic Rebalance @ 2026-02-12 | Progress:  71.8% (359/500)] Cause: SIGNAL_ENTRY
  --> Pipeline Funnel : Ghost=7 | Promoted=1 | Live=1
  --> SLSQP Metrics   : Eff Gross=0.55 | Port Vol=0.0536 | SPY Overlay=-30.0%
  --> Top Allocations :
      [BASE] XYZ/TROW | W_A: 25.0% | W_B: -22.8% | Inno Z: -1.50 | ECDF: 1.00 | Alpha: 2.3854
------------------------------------------------------------

[Dynamic Rebalance @ 2026-02-17 | Progress:  72.2% (361/500)] Cause: SIGNAL_EXIT

[Dynamic Rebalance @ 2026-02-23 | Progress:  73.0% (365/500)] Cause: SIGNAL_ENTRY
  --> Pipeline Funnel : Ghost=4 | Promoted=1 | Live=1
  --> SLSQP Metrics   : Eff Gross=0.41 | Port Vol=0.0296 | SPY Overlay=-20.7%
  --> Top Allocations :
      [OVERRIDE] COF/WFC | W_A: 20.0% | W_B: -17.6% | Inno Z: -0.90 | ECDF: 0.97 | Alpha: 0.8874
------------------------------------------------------------

[Dynamic Rebalance @ 2026-02-27 | Progress:  73.8% (369/500)] Cause: SIGNAL_ENTRY
  --> Pipeline Funnel : Ghost=4 | Promoted=1 | Live=2
  --> SLSQP Metrics   : Eff Gross=0.51 | Port Vol=0.1010 | SPY Overlay=11.4%
  --> Top Allocations :
      [BASE] DELL/SMCI | W_A: -35.0% | W_B: 12.2% | Inno Z: 3.61 | ECDF: 1.00 | Alpha: 6.5882
      [OVERRIDE] COF/WFC | W_A: 5.0% | W_B: -4.5% | Inno Z: -0.90 | ECDF: 0.30 | Alpha: 0.9427
------------------------------------------------------------

[Dynamic Rebalance @ 2026-03-05 | Progress:  74.6% (373/500)] Cause: SIGNAL_EXIT
  --> Pipeline Funnel : Ghost=3 | Promoted=0 | Live=0
------------------------------------------------------------

[Dynamic Rebalance @ 2026-03-06 | Progress:  74.8% (374/500)] Cause: SIGNAL_ENTRY
  --> Pipeline Funnel : Ghost=3 | Promoted=1 | Live=1
  --> SLSQP Metrics   : Eff Gross=0.55 | Port Vol=0.0821 | SPY Overlay=-30.0%
  --> Top Allocations :
      [BASE] BAX/PFE | W_A: 25.0% | W_B: -9.1% | Inno Z: -1.25 | ECDF: 0.97 | Alpha: 1.2699
------------------------------------------------------------

[Dynamic Rebalance @ 2026-03-11 | Progress:  75.4% (377/500)] Cause: SIGNAL_EXIT
  --> Pipeline Funnel : Ghost=3 | Promoted=0 | Live=0
------------------------------------------------------------

[Dynamic Rebalance @ 2026-03-20 | Progress:  76.8% (384/500)] Cause: SIGNAL_ENTRY
  --> Pipeline Funnel : Ghost=4 | Promoted=1 | Live=1
  --> SLSQP Metrics   : Eff Gross=0.35 | Port Vol=0.1342 | SPY Overlay=-0.5%
  --> Top Allocations :
      [BASE] ANET/SMCI | W_A: -35.0% | W_B: 10.8% | Inno Z: 1.83 | ECDF: 0.98 | Alpha: 1.6653
------------------------------------------------------------

[Dynamic Rebalance @ 2026-03-24 | Progress:  77.2% (386/500)] Cause: SIGNAL_EXIT
  --> Pipeline Funnel : Ghost=3 | Promoted=0 | Live=0
------------------------------------------------------------

[Dynamic Rebalance @ 2026-03-27 | Progress:  77.8% (389/500)] Cause: SIGNAL_ENTRY
  --> Pipeline Funnel : Ghost=5 | Promoted=1 | Live=1
  --> SLSQP Metrics   : Eff Gross=0.26 | Port Vol=0.0108 | SPY Overlay=-6.2%
  --> Top Allocations :
      [OVERRIDE] AEE/ETR | W_A: 20.0% | W_B: -14.2% | Inno Z: -0.71 | ECDF: 1.00 | Alpha: 0.8152
------------------------------------------------------------

[Dynamic Rebalance @ 2026-04-07 | Progress:  79.0% (395/500)] Cause: SIGNAL_EXIT
  --> Pipeline Funnel : Ghost=3 | Promoted=0 | Live=0
------------------------------------------------------------

[Dynamic Rebalance @ 2026-04-09 | Progress:  79.4% (397/500)] Cause: SIGNAL_ENTRY
  --> Pipeline Funnel : Ghost=3 | Promoted=1 | Live=1
  --> SLSQP Metrics   : Eff Gross=0.23 | Port Vol=0.0340 | SPY Overlay=2.7%
  --> Top Allocations :
      [OVERRIDE] HRL/KDP | W_A: 20.0% | W_B: -8.2% | Inno Z: -0.66 | ECDF: 0.95 | Alpha: 1.0181
------------------------------------------------------------

[Dynamic Rebalance @ 2026-04-13 | Progress:  79.8% (399/500)] Cause: SIGNAL_EXIT
  --> Pipeline Funnel : Ghost=3 | Promoted=0 | Live=0
------------------------------------------------------------

[Dynamic Rebalance @ 2026-04-24 | Progress:  81.6% (408/500)] Cause: SIGNAL_ENTRY
  --> Pipeline Funnel : Ghost=7 | Promoted=1 | Live=1
  --> SLSQP Metrics   : Eff Gross=0.23 | Port Vol=0.0394 | SPY Overlay=3.0%
  --> Top Allocations :
      [OVERRIDE] CEG/VST | W_A: -20.0% | W_B: 14.0% | Inno Z: 0.61 | ECDF: 0.95 | Alpha: 0.8943
------------------------------------------------------------

[Dynamic Rebalance @ 2026-04-28 | Progress:  82.0% (410/500)] Cause: SIGNAL_EXIT
  --> Pipeline Funnel : Ghost=7 | Promoted=0 | Live=0
------------------------------------------------------------

[Dynamic Rebalance @ 2026-04-30 | Progress:  82.4% (412/500)] Cause: SIGNAL_ENTRY
  --> Pipeline Funnel : Ghost=7 | Promoted=3 | Live=3
  --> SLSQP Metrics   : Eff Gross=0.58 | Port Vol=0.0495 | SPY Overlay=30.0%
  --> Top Allocations :
      [BASE] AVGO/NVDA | W_A: -11.4% | W_B: 7.9% | Inno Z: 0.96 | ECDF: 1.00 | Alpha: 1.7295
      [OVERRIDE] ANET/NVDA | W_A: -11.4% | W_B: 7.3% | Inno Z: 0.85 | ECDF: 0.95 | Alpha: 1.6252
      [OVERRIDE] AWK/SO | W_A: 5.5% | W_B: -4.7% | Inno Z: -0.90 | ECDF: 1.00 | Alpha: 0.7638
------------------------------------------------------------

[Dynamic Rebalance @ 2026-05-04 | Progress:  82.8% (414/500)] Cause: SIGNAL_ENTRY
  --> Pipeline Funnel : Ghost=4 | Promoted=1 | Live=4
  --> SLSQP Metrics   : Eff Gross=0.73 | Port Vol=0.0483 | SPY Overlay=30.0%
  --> Top Allocations :
      [OVERRIDE] AWK/SO | W_A: 13.2% | W_B: -11.2% | Inno Z: -0.90 | ECDF: 0.32 | Alpha: 0.1333
      [OVERRIDE] CCI/VICI | W_A: -13.2% | W_B: 11.0% | Inno Z: 0.65 | ECDF: 0.90 | Alpha: 0.9371
      [OVERRIDE] ANET/NVDA | W_A: -8.6% | W_B: 5.5% | Inno Z: 0.85 | ECDF: 0.06 | Alpha: 0.0642
------------------------------------------------------------

[Dynamic Rebalance @ 2026-05-05 | Progress:  83.0% (415/500)] Cause: SIGNAL_EXIT
  --> Pipeline Funnel : Ghost=3 | Promoted=0 | Live=1
  --> SLSQP Metrics   : Eff Gross=0.55 | Port Vol=0.0507 | SPY Overlay=30.0%
  --> Top Allocations :
      [BASE] AVGO/NVDA | W_A: -25.0% | W_B: 17.6% | Inno Z: 0.96 | ECDF: 0.84 | Alpha: 0.6736
------------------------------------------------------------

[Dynamic Rebalance @ 2026-05-07 | Progress:  83.4% (417/500)] Cause: SIGNAL_EXIT
  --> Pipeline Funnel : Ghost=3 | Promoted=0 | Live=0
------------------------------------------------------------

[Dynamic Rebalance @ 2026-05-08 | Progress:  83.6% (418/500)] Cause: SIGNAL_ENTRY
  --> Pipeline Funnel : Ghost=3 | Promoted=1 | Live=1
  --> SLSQP Metrics   : Eff Gross=0.60 | Port Vol=0.0794 | SPY Overlay=30.0%
  --> Top Allocations :
      [BASE] CRL/MTD | W_A: -29.8% | W_B: 21.2% | Inno Z: 1.10 | ECDF: 1.00 | Alpha: 3.0387
------------------------------------------------------------

[Dynamic Rebalance @ 2026-05-12 | Progress:  84.0% (420/500)] Cause: SIGNAL_EXIT
  --> Pipeline Funnel : Ghost=2 | Promoted=0 | Live=0
------------------------------------------------------------

[Dynamic Rebalance @ 2026-05-28 | Progress:  86.2% (431/500)] Cause: SIGNAL_ENTRY
  --> Pipeline Funnel : Ghost=2 | Promoted=1 | Live=1
  --> SLSQP Metrics   : Eff Gross=0.44 | Port Vol=0.0535 | SPY Overlay=23.6%
  --> Top Allocations :
      [OVERRIDE] XYZ/TROW | W_A: -20.0% | W_B: 19.2% | Inno Z: 0.88 | ECDF: 0.95 | Alpha: 1.4742
------------------------------------------------------------

[Dynamic Rebalance @ 2026-06-02 | Progress:  86.8% (434/500)] Cause: SIGNAL_EXIT
  --> Pipeline Funnel : Ghost=2 | Promoted=0 | Live=0
------------------------------------------------------------

[Dynamic Rebalance @ 2026-06-03 | Progress:  87.0% (435/500)] Cause: SIGNAL_ENTRY
  --> Pipeline Funnel : Ghost=2 | Promoted=1 | Live=1
  --> SLSQP Metrics   : Eff Gross=0.55 | Port Vol=0.0483 | SPY Overlay=-30.0%
  --> Top Allocations :
      [BASE] XYZ/TROW | W_A: 25.0% | W_B: -23.9% | Inno Z: -1.01 | ECDF: 0.98 | Alpha: 1.8924
------------------------------------------------------------

[Dynamic Rebalance @ 2026-06-08 | Progress:  87.6% (438/500)] Cause: SIGNAL_EXIT
  --> Pipeline Funnel : Ghost=4 | Promoted=0 | Live=0
------------------------------------------------------------

[Dynamic Rebalance @ 2026-06-24 | Progress:  89.8% (449/500)] Cause: SIGNAL_ENTRY
  --> Pipeline Funnel : Ghost=7 | Promoted=1 | Live=1
  --> SLSQP Metrics   : Eff Gross=0.53 | Port Vol=0.0952 | SPY Overlay=17.9%
  --> Top Allocations :
      [BASE] BAX/PFE | W_A: -35.0% | W_B: 14.6% | Inno Z: 1.27 | ECDF: 1.00 | Alpha: 1.7896
------------------------------------------------------------

[Dynamic Rebalance @ 2026-06-25 | Progress:  90.0% (450/500)] Cause: SIGNAL_ENTRY
  --> Pipeline Funnel : Ghost=7 | Promoted=1 | Live=2
  --> SLSQP Metrics   : Eff Gross=0.85 | Port Vol=0.1048 | SPY Overlay=25.3%
  --> Top Allocations :
      [BASE] BAX/PFE | W_A: -35.0% | W_B: 14.7% | Inno Z: 1.27 | ECDF: 0.95 | Alpha: 1.3807
      [BASE] MSCI/TROW | W_A: 24.6% | W_B: -16.3% | Inno Z: -1.03 | ECDF: 1.00 | Alpha: 0.7488
------------------------------------------------------------

[Dynamic Rebalance @ 2026-07-01 | Progress:  90.8% (454/500)] Cause: SIGNAL_EXIT
  --> Pipeline Funnel : Ghost=3 | Promoted=0 | Live=0
------------------------------------------------------------

[Dynamic Rebalance @ 2026-08-05 | Progress:  95.6% (478/500)] Cause: SIGNAL_ENTRY
  --> Pipeline Funnel : Ghost=5 | Promoted=1 | Live=1
  --> SLSQP Metrics   : Eff Gross=0.56 | Port Vol=0.0787 | SPY Overlay=20.6%
  --> Top Allocations :
      [BASE] CCI/WY | W_A: 35.0% | W_B: -15.7% | Inno Z: -0.98 | ECDF: 0.97 | Alpha: 0.6927
------------------------------------------------------------

[Dynamic Rebalance @ 2026-08-06 | Progress:  95.8% (479/500)] Cause: SIGNAL_ENTRY
  --> Pipeline Funnel : Ghost=5 | Promoted=1 | Live=1
  --> SLSQP Metrics   : Eff Gross=0.28 | Port Vol=0.0414 | SPY Overlay=-8.4%
  --> Top Allocations :
      [OVERRIDE] XYZ/TROW | W_A: 20.0% | W_B: -18.9% | Inno Z: -0.79 | ECDF: 0.92 | Alpha: 1.0717
------------------------------------------------------------

[Dynamic Rebalance @ 2026-08-12 | Progress:  96.6% (483/500)] Cause: SIGNAL_EXIT
  --> Pipeline Funnel : Ghost=5 | Promoted=0 | Live=0
------------------------------------------------------------

=====================================================================================
FUNNEL CONVERSION ATTRIBUTION & MARGINAL PERFORMANCE REPORT
=====================================================================================
  Funnel Tier / Portfolio Stage          | Ann. Return [%]    | Sortino Ratio     
-------------------------------------------------------------------------------------
  Ghost Portfolio (Raw Universe)         |               nan% |             1.1179
  Promoted Portfolio (Parametric Gated)  |               nan% |            -0.1493
  Live Portfolio (SLSQP Optimized)       |              5.99% |             1.1320
-------------------------------------------------------------------------------------
  --> Parametric Selection Delta         |              +nan% |            -1.2672
  --> Optimizer Allocation Delta         |              +nan% |            +1.2813
=====================================================================================

=====================================================================================
QUANTITATIVE MARKET NEUTRALITY & FACTOR DIAGNOSTIC AUDIT
=====================================================================================
                    Metric  Value Threshold Status
          Annualized Alpha  5.74%       N/A   INFO
         Market Beta (β_m) 0.0075  < |0.01|   PASS
              Beta p-value 0.4702   >= 0.05   PASS
          Beta t-statistic 0.7228  < |1.96|   PASS
   Variance Explained (R²)  0.10%    < 0.5%   PASS
Bull Market Beta (R_m > 0) 0.0071  < |0.01|   PASS
Bear Market Beta (R_m < 0) 0.0086  < |0.01|   PASS
-------------------------------------------------------------------------------------
  VERDICT: Market Neutral = TRUE | Failures: None
=====================================================================================

=====================================================================================
INVESTMENT COMMITTEE PAIR REVIEW TEARSHEET (ATTRIBUTED BY REGIME)
=====================================================================================
Strategy_Origin   Pair_Legs  Total_Return_[%]  Sharpe_Ratio  Sortino_Ratio  Max_DD_[%]  Win_Rate_[%]  Total_Trades
           BASE     ES / FE          1.188832      0.936130       1.828122    0.010249     50.000000             6
           BASE    EXC / NI          0.291051      0.487322       0.562102    0.008196    100.000000             2
           BASE    CCI / WY          0.217460      0.483341       0.435199    0.007909     50.000000             2
           BASE    ATO / NI          0.143295      0.482033       0.404973    0.005601    100.000000             2
           BASE DELL / SMCI          1.410195      0.459509       0.110337    0.366671     75.000000             4
           BASE MSCI / TROW          0.870908      0.452627       0.041523    0.476322     57.142857             7
           BASE ANET / SMCI          1.368997      0.416722       0.122186    0.251439    100.000000             3
           BASE AVGO / SMCI          0.283366      0.291971       0.057022    0.126149    100.000000             2
           BASE AVGO / KLAC          0.473369      0.127750       0.011683    1.479165     25.000000             8
           BASE AVGO / NVDA         -0.080064     -0.023143      -0.002767    0.756088     44.444444             9
           BASE   CRL / MTD         -0.072931     -0.194140      -0.010107    0.169207     33.333333             3
           BASE     D / SRE         -0.291869     -0.243739      -0.025962    0.548787     40.000000            15
           BASE   BAX / PFE         -1.305855     -0.307003      -0.029317    2.007431     50.000000            10
           BASE     D / ETR         -0.226780     -0.590698      -0.032299    0.226780      0.000000             2
           BASE  IVZ / PYPL         -0.248983     -0.717548      -0.039222    0.248983     25.000000             4
       OVERRIDE  XYZ / TROW          3.903005      0.772324       0.154766    0.758216     58.333333            12
       OVERRIDE  INVH / KIM          0.590703      0.673827       0.078592    0.167937     50.000000             8
       OVERRIDE  ADI / MPWR          0.486733      0.647672       2.360811    0.003260    100.000000             3
       OVERRIDE    DTE / FE          0.229947      0.628397       0.837171    0.004345     75.000000             4
       OVERRIDE   HRL / KDP          0.339919      0.599925       1.225073    0.004389    100.000000             2
       OVERRIDE ANET / NVDA          1.566276      0.530509       8.178188    0.003029     60.000000             5
       OVERRIDE    AWK / SO          0.215331      0.449474       0.146791    0.032802     50.000000             2
       OVERRIDE   AEE / ETR          0.112031      0.248798       0.028851    0.131872     50.000000             8
       OVERRIDE  FITB / TFC          0.078746      0.173507       0.020887    0.157510     50.000000             8
       OVERRIDE   COF / WFC          0.145501      0.098004       0.012458    0.681062     55.555556             9
       OVERRIDE   BAC / CFG          0.012098      0.016557       0.001583    0.196564     33.333333             3
       OVERRIDE   COP / MPC         -0.412371     -0.361549      -0.022938    0.412371     50.000000             6
       OVERRIDE   CEG / VST         -0.662896     -0.510239      -0.037774    0.862559     14.285714             7
       OVERRIDE  CCI / VICI         -0.028024     -0.574629      -0.025656    0.028024     50.000000             2
       OVERRIDE   AMT / KIM         -1.754033     -0.601014      -0.054414    1.985551     33.333333            12

=====================================================================================
WALK-FORWARD NET PORTFOLIO STATS (POST-FEES & EXECUTION LAG)
=====================================================================================
Start                         2024-09-09 00:00:00
End                           2026-09-04 00:00:00
Period                                        500
Start Value                              250000.0
End Value                           280755.187991
Total Return [%]                        12.302075
Benchmark Return [%]                    57.596452
Max Gross Exposure [%]                 117.126815
Total Fees Paid                       1553.737393
Max Drawdown [%]                         2.129824
Max Drawdown Duration                       267.0
Total Trades                                  130
Total Closed Trades                           130
Total Open Trades                               0
Open Trade PnL                                0.0
Win Rate [%]                            52.307692
Best Trade [%]                          14.818782
Worst Trade [%]                         -8.533956
Avg Winning Trade [%]                    2.695802
Avg Losing Trade [%]                    -2.297187
Avg Winning Trade Duration               3.132353
Avg Losing Trade Duration                3.322581
Profit Factor                            1.603972
Expectancy                             236.578369

=====================================================================================
ACTIONABLE MARKET-ON-OPEN (MOO) ORDER BLOTTER FOR NEXT SESSION
=====================================================================================
Empty DataFrame
Columns: [Ticker, Action, Order_Type, Delta_Shares, Target_Shares, Current_Shares, Est_Order_USD, Target_Weight_%, ADV_Participation_%, Price_Ref]
Index: []

>>> entry_ecdf_percentile=0.9: too_low: 5.99%

=====================================================================================
TUNING RUN: entry_ecdf_percentile=0.95
=====================================================================================
=====================================================================================
STARTING ROBUST STAT-ARB ENGINE (NOISE-FILTERED OVERRIDE)
=====================================================================================
[Pipeline Info] 'SPY' ticker detected. Using real SPY price series for CAPM benchmark.
[DAG Pre-Compute] Initializing Vectorized Matrix Space...
[DAG Pre-Compute] Processing 1570 Sector-Matched Residual Pairs...
[DAG Pre-Compute] Completed successfully. Executing Portfolio Routing Loop.
[Friction Engine] Goldilocks absolute minimum alpha floor calibrated to 0.66%

[Dynamic Rebalance @ 2024-09-09 | Progress:   0.2% (1/500)] Cause: INITIAL_ENTRY
  --> Pipeline Funnel : Ghost=4 | Promoted=0 | Live=0
------------------------------------------------------------

[Dynamic Rebalance @ 2024-09-26 | Progress:   2.8% (14/500)] Cause: SIGNAL_ENTRY
  --> Pipeline Funnel : Ghost=4 | Promoted=1 | Live=1
  --> SLSQP Metrics   : Eff Gross=0.55 | Port Vol=0.0916 | SPY Overlay=30.0%
  --> Top Allocations :
      [BASE] AVGO/SMCI | W_A: -25.0% | W_B: 9.9% | Inno Z: 1.23 | ECDF: 0.97 | Alpha: 2.1921
------------------------------------------------------------

[Dynamic Rebalance @ 2024-10-01 | Progress:   3.4% (17/500)] Cause: SIGNAL_EXIT
  --> Pipeline Funnel : Ghost=8 | Promoted=0 | Live=0
------------------------------------------------------------

[Dynamic Rebalance @ 2024-10-15 | Progress:   5.4% (27/500)] Cause: SIGNAL_ENTRY
  --> Pipeline Funnel : Ghost=4 | Promoted=1 | Live=1
  --> SLSQP Metrics   : Eff Gross=0.54 | Port Vol=0.0658 | SPY Overlay=-18.7%
  --> Top Allocations :
      [BASE] AVGO/KLAC | W_A: -35.0% | W_B: 29.6% | Inno Z: 1.53 | ECDF: 1.00 | Alpha: 2.6873
------------------------------------------------------------

[Dynamic Rebalance @ 2024-10-17 | Progress:   5.8% (29/500)] Cause: SIGNAL_ENTRY
  --> Pipeline Funnel : Ghost=5 | Promoted=1 | Live=2
  --> SLSQP Metrics   : Eff Gross=0.66 | Port Vol=0.0722 | SPY Overlay=-18.7%
  --> Top Allocations :
      [BASE] AVGO/KLAC | W_A: -33.5% | W_B: 28.5% | Inno Z: 1.53 | ECDF: 0.94 | Alpha: 1.3541
      [OVERRIDE] FITB/TFC | W_A: -13.8% | W_B: 12.0% | Inno Z: 0.69 | ECDF: 1.00 | Alpha: 0.7170
------------------------------------------------------------

[Dynamic Rebalance @ 2024-10-25 | Progress:   7.0% (35/500)] Cause: SIGNAL_EXIT
  --> Pipeline Funnel : Ghost=6 | Promoted=0 | Live=0
------------------------------------------------------------

[Dynamic Rebalance @ 2024-10-29 | Progress:   7.4% (37/500)] Cause: SIGNAL_ENTRY
  --> Pipeline Funnel : Ghost=6 | Promoted=1 | Live=1
  --> SLSQP Metrics   : Eff Gross=0.41 | Port Vol=0.0233 | SPY Overlay=20.7%
  --> Top Allocations :
      [OVERRIDE] AMT/KIM | W_A: 20.0% | W_B: -14.7% | Inno Z: -0.79 | ECDF: 0.98 | Alpha: 0.9462
------------------------------------------------------------

[Dynamic Rebalance @ 2024-10-31 | Progress:   7.8% (39/500)] Cause: SIGNAL_ENTRY
  --> Pipeline Funnel : Ghost=7 | Promoted=2 | Live=3
  --> SLSQP Metrics   : Eff Gross=0.64 | Port Vol=0.0207 | SPY Overlay=-30.0%
  --> Top Allocations :
      [BASE] D/ETR | W_A: 17.1% | W_B: -12.8% | Inno Z: -1.70 | ECDF: 1.00 | Alpha: 3.8541
      [OVERRIDE] ADI/MPWR | W_A: -13.1% | W_B: 6.9% | Inno Z: 0.85 | ECDF: 1.00 | Alpha: 2.0043
      [OVERRIDE] AMT/KIM | W_A: 3.4% | W_B: -2.5% | Inno Z: -0.79 | ECDF: 0.03 | Alpha: 0.0991
------------------------------------------------------------

[Dynamic Rebalance @ 2024-11-04 | Progress:   8.2% (41/500)] Cause: SIGNAL_EXIT
  --> Pipeline Funnel : Ghost=0 | Promoted=0 | Live=1
  --> SLSQP Metrics   : Eff Gross=0.37 | Port Vol=0.0229 | SPY Overlay=17.2%
  --> Top Allocations :
      [OVERRIDE] AMT/KIM | W_A: 20.0% | W_B: -14.5% | Inno Z: -0.79 | ECDF: 0.70 | Alpha: 0.2308
------------------------------------------------------------

[Dynamic Rebalance @ 2024-11-05 | Progress:   8.4% (42/500)] Cause: SIGNAL_EXIT
  --> Pipeline Funnel : Ghost=2 | Promoted=0 | Live=0
------------------------------------------------------------

[Dynamic Rebalance @ 2024-11-06 | Progress:   8.6% (43/500)] Cause: SIGNAL_ENTRY
  --> Pipeline Funnel : Ghost=4 | Promoted=2 | Live=2
  --> SLSQP Metrics   : Eff Gross=0.55 | Port Vol=0.0188 | SPY Overlay=30.0%
  --> Top Allocations :
      [BASE] D/SRE | W_A: 13.0% | W_B: -10.7% | Inno Z: -1.44 | ECDF: 1.00 | Alpha: 2.6301
      [BASE] AMT/KIM | W_A: 12.0% | W_B: -8.6% | Inno Z: -1.42 | ECDF: 1.00 | Alpha: 1.9462
------------------------------------------------------------

[Dynamic Rebalance @ 2024-11-07 | Progress:   8.8% (44/500)] Cause: SIGNAL_ENTRY
  --> Pipeline Funnel : Ghost=3 | Promoted=1 | Live=3
  --> SLSQP Metrics   : Eff Gross=0.64 | Port Vol=0.0265 | SPY Overlay=30.0%
  --> Top Allocations :
      [BASE] AMT/KIM | W_A: 14.1% | W_B: -9.9% | Inno Z: -1.42 | ECDF: 0.97 | Alpha: 0.7889
      [OVERRIDE] DTE/FE | W_A: 14.1% | W_B: -13.1% | Inno Z: -0.74 | ECDF: 1.00 | Alpha: 1.1191
      [BASE] D/SRE | W_A: 5.7% | W_B: -4.6% | Inno Z: -1.44 | ECDF: 0.98 | Alpha: 0.3180
------------------------------------------------------------

[Dynamic Rebalance @ 2024-11-08 | Progress:   9.0% (45/500)] Cause: SIGNAL_EXIT
  --> Pipeline Funnel : Ghost=3 | Promoted=0 | Live=2
  --> SLSQP Metrics   : Eff Gross=0.60 | Port Vol=0.0281 | SPY Overlay=30.0%
  --> Top Allocations :
      [BASE] D/SRE | W_A: 22.0% | W_B: -17.7% | Inno Z: -1.44 | ECDF: 0.48 | Alpha: 0.2159
      [OVERRIDE] DTE/FE | W_A: 8.3% | W_B: -7.7% | Inno Z: -0.74 | ECDF: 0.92 | Alpha: 0.0988
------------------------------------------------------------

[Dynamic Rebalance @ 2024-11-11 | Progress:   9.2% (46/500)] Cause: SIGNAL_EXIT
  --> Pipeline Funnel : Ghost=4 | Promoted=0 | Live=1
  --> SLSQP Metrics   : Eff Gross=0.55 | Port Vol=0.0302 | SPY Overlay=30.0%
  --> Top Allocations :
      [BASE] D/SRE | W_A: 25.0% | W_B: -20.1% | Inno Z: -1.44 | ECDF: 0.29 | Alpha: 0.2613
------------------------------------------------------------

[Dynamic Rebalance @ 2024-11-18 | Progress:  10.2% (51/500)] Cause: SIGNAL_EXIT
  --> Pipeline Funnel : Ghost=4 | Promoted=0 | Live=0
------------------------------------------------------------

[Dynamic Rebalance @ 2025-01-27 | Progress:  19.2% (96/500)] Cause: SIGNAL_ENTRY
  --> Pipeline Funnel : Ghost=5 | Promoted=2 | Live=2
  --> SLSQP Metrics   : Eff Gross=0.77 | Port Vol=0.0272 | SPY Overlay=-30.0%
  --> Top Allocations :
      [BASE] EXC/NI | W_A: -28.6% | W_B: 22.3% | Inno Z: 1.13 | ECDF: 1.00 | Alpha: 1.7885
      [BASE] ATO/NI | W_A: -18.8% | W_B: 16.1% | Inno Z: 0.95 | ECDF: 1.00 | Alpha: 0.8759
------------------------------------------------------------

[Dynamic Rebalance @ 2025-01-28 | Progress:  19.4% (97/500)] Cause: SIGNAL_ENTRY
  --> Pipeline Funnel : Ghost=5 | Promoted=1 | Live=1
  --> SLSQP Metrics   : Eff Gross=0.41 | Port Vol=0.0310 | SPY Overlay=22.1%
  --> Top Allocations :
      [BASE] IVZ/PYPL | W_A: -18.5% | W_B: 8.6% | Inno Z: 1.57 | ECDF: 1.00 | Alpha: 3.0354
------------------------------------------------------------

[Dynamic Rebalance @ 2025-01-30 | Progress:  19.8% (99/500)] Cause: SIGNAL_EXIT
  --> Pipeline Funnel : Ghost=3 | Promoted=0 | Live=0
------------------------------------------------------------

[Dynamic Rebalance @ 2025-03-04 | Progress:  24.2% (121/500)] Cause: SIGNAL_ENTRY
  --> Pipeline Funnel : Ghost=1 | Promoted=1 | Live=1
  --> SLSQP Metrics   : Eff Gross=0.31 | Port Vol=0.0172 | SPY Overlay=-11.3%
  --> Top Allocations :
      [OVERRIDE] BAC/CFG | W_A: 20.0% | W_B: -12.9% | Inno Z: -0.73 | ECDF: 1.00 | Alpha: 0.9144
------------------------------------------------------------

[Dynamic Rebalance @ 2025-03-07 | Progress:  24.8% (124/500)] Cause: SIGNAL_EXIT
  --> Pipeline Funnel : Ghost=1 | Promoted=0 | Live=0
------------------------------------------------------------

[Dynamic Rebalance @ 2025-04-04 | Progress:  28.8% (144/500)] Cause: SIGNAL_ENTRY
  --> Pipeline Funnel : Ghost=3 | Promoted=1 | Live=1
  --> SLSQP Metrics   : Eff Gross=0.31 | Port Vol=0.0277 | SPY Overlay=-11.3%
  --> Top Allocations :
      [OVERRIDE] COP/MPC | W_A: 20.0% | W_B: -13.6% | Inno Z: -0.94 | ECDF: 1.00 | Alpha: 0.8957
------------------------------------------------------------

[Dynamic Rebalance @ 2025-04-07 | Progress:  29.0% (145/500)] Cause: SIGNAL_ENTRY
  --> Pipeline Funnel : Ghost=2 | Promoted=1 | Live=2
  --> SLSQP Metrics   : Eff Gross=0.33 | Port Vol=0.0283 | SPY Overlay=-4.1%
  --> Top Allocations :
      [OVERRIDE] INVH/KIM | W_A: 20.0% | W_B: -11.5% | Inno Z: -0.67 | ECDF: 0.98 | Alpha: 0.7924
      [OVERRIDE] COP/MPC | W_A: 8.6% | W_B: -5.8% | Inno Z: -0.94 | ECDF: 0.90 | Alpha: 0.2167
------------------------------------------------------------

[Dynamic Rebalance @ 2025-04-09 | Progress:  29.4% (147/500)] Cause: SIGNAL_EXIT
  --> Pipeline Funnel : Ghost=1 | Promoted=0 | Live=1
  --> SLSQP Metrics   : Eff Gross=0.22 | Port Vol=0.0256 | SPY Overlay=-1.5%
  --> Top Allocations :
      [OVERRIDE] INVH/KIM | W_A: 20.0% | W_B: -11.5% | Inno Z: -0.67 | ECDF: 0.02 | Alpha: 0.2555
------------------------------------------------------------

[Dynamic Rebalance @ 2025-04-14 | Progress:  30.0% (150/500)] Cause: SIGNAL_EXIT
  --> Pipeline Funnel : Ghost=1 | Promoted=0 | Live=0
------------------------------------------------------------

[Dynamic Rebalance @ 2025-11-19 | Progress:  60.4% (302/500)] Cause: SIGNAL_ENTRY
  --> Pipeline Funnel : Ghost=3 | Promoted=1 | Live=1
  --> SLSQP Metrics   : Eff Gross=0.51 | Port Vol=0.0403 | SPY Overlay=15.8%
  --> Top Allocations :
      [BASE] ES/FE | W_A: 35.0% | W_B: -29.4% | Inno Z: -2.19 | ECDF: 1.00 | Alpha: 3.7258
------------------------------------------------------------

[Dynamic Rebalance @ 2025-11-25 | Progress:  61.2% (306/500)] Cause: SIGNAL_EXIT
  --> Pipeline Funnel : Ghost=1 | Promoted=0 | Live=0
------------------------------------------------------------

[Dynamic Rebalance @ 2025-12-12 | Progress:  63.6% (318/500)] Cause: SIGNAL_ENTRY
  --> Pipeline Funnel : Ghost=7 | Promoted=1 | Live=1
  --> SLSQP Metrics   : Eff Gross=0.55 | Port Vol=0.0565 | SPY Overlay=-30.0%
  --> Top Allocations :
      [BASE] AVGO/NVDA | W_A: 25.0% | W_B: -17.3% | Inno Z: -1.45 | ECDF: 1.00 | Alpha: 3.4697
------------------------------------------------------------

[Dynamic Rebalance @ 2025-12-16 | Progress:  64.0% (320/500)] Cause: SIGNAL_EXIT
  --> Pipeline Funnel : Ghost=6 | Promoted=0 | Live=0
------------------------------------------------------------

[Dynamic Rebalance @ 2026-01-16 | Progress:  68.2% (341/500)] Cause: SIGNAL_ENTRY
  --> Pipeline Funnel : Ghost=4 | Promoted=1 | Live=1
  --> SLSQP Metrics   : Eff Gross=0.30 | Port Vol=0.0314 | SPY Overlay=-10.3%
  --> Top Allocations :
      [OVERRIDE] CEG/VST | W_A: 20.0% | W_B: -13.8% | Inno Z: -0.77 | ECDF: 0.98 | Alpha: 1.4780
------------------------------------------------------------

[Dynamic Rebalance @ 2026-01-22 | Progress:  68.8% (344/500)] Cause: SIGNAL_EXIT
  --> Pipeline Funnel : Ghost=5 | Promoted=0 | Live=0
------------------------------------------------------------

[Dynamic Rebalance @ 2026-02-12 | Progress:  71.8% (359/500)] Cause: SIGNAL_ENTRY
  --> Pipeline Funnel : Ghost=7 | Promoted=1 | Live=1
  --> SLSQP Metrics   : Eff Gross=0.55 | Port Vol=0.0536 | SPY Overlay=-30.0%
  --> Top Allocations :
      [BASE] XYZ/TROW | W_A: 25.0% | W_B: -22.8% | Inno Z: -1.50 | ECDF: 1.00 | Alpha: 2.3854
------------------------------------------------------------

[Dynamic Rebalance @ 2026-02-17 | Progress:  72.2% (361/500)] Cause: SIGNAL_EXIT

[Dynamic Rebalance @ 2026-02-23 | Progress:  73.0% (365/500)] Cause: SIGNAL_ENTRY
  --> Pipeline Funnel : Ghost=4 | Promoted=1 | Live=1
  --> SLSQP Metrics   : Eff Gross=0.41 | Port Vol=0.0296 | SPY Overlay=-20.7%
  --> Top Allocations :
      [OVERRIDE] COF/WFC | W_A: 20.0% | W_B: -17.6% | Inno Z: -0.90 | ECDF: 0.97 | Alpha: 0.8874
------------------------------------------------------------

[Dynamic Rebalance @ 2026-02-27 | Progress:  73.8% (369/500)] Cause: SIGNAL_ENTRY
  --> Pipeline Funnel : Ghost=4 | Promoted=1 | Live=2
  --> SLSQP Metrics   : Eff Gross=0.51 | Port Vol=0.1010 | SPY Overlay=11.4%
  --> Top Allocations :
      [BASE] DELL/SMCI | W_A: -35.0% | W_B: 12.2% | Inno Z: 3.61 | ECDF: 1.00 | Alpha: 6.5882
      [OVERRIDE] COF/WFC | W_A: 5.0% | W_B: -4.5% | Inno Z: -0.90 | ECDF: 0.30 | Alpha: 0.9427
------------------------------------------------------------

[Dynamic Rebalance @ 2026-03-05 | Progress:  74.6% (373/500)] Cause: SIGNAL_EXIT
  --> Pipeline Funnel : Ghost=3 | Promoted=0 | Live=0
------------------------------------------------------------

[Dynamic Rebalance @ 2026-03-06 | Progress:  74.8% (374/500)] Cause: SIGNAL_ENTRY
  --> Pipeline Funnel : Ghost=3 | Promoted=1 | Live=1
  --> SLSQP Metrics   : Eff Gross=0.55 | Port Vol=0.0821 | SPY Overlay=-30.0%
  --> Top Allocations :
      [BASE] BAX/PFE | W_A: 25.0% | W_B: -9.1% | Inno Z: -1.25 | ECDF: 0.97 | Alpha: 1.2699
------------------------------------------------------------

[Dynamic Rebalance @ 2026-03-11 | Progress:  75.4% (377/500)] Cause: SIGNAL_EXIT
  --> Pipeline Funnel : Ghost=3 | Promoted=0 | Live=0
------------------------------------------------------------

[Dynamic Rebalance @ 2026-03-20 | Progress:  76.8% (384/500)] Cause: SIGNAL_ENTRY
  --> Pipeline Funnel : Ghost=4 | Promoted=1 | Live=1
  --> SLSQP Metrics   : Eff Gross=0.35 | Port Vol=0.1342 | SPY Overlay=-0.5%
  --> Top Allocations :
      [BASE] ANET/SMCI | W_A: -35.0% | W_B: 10.8% | Inno Z: 1.83 | ECDF: 0.98 | Alpha: 1.6653
------------------------------------------------------------

[Dynamic Rebalance @ 2026-03-24 | Progress:  77.2% (386/500)] Cause: SIGNAL_EXIT
  --> Pipeline Funnel : Ghost=3 | Promoted=0 | Live=0
------------------------------------------------------------

[Dynamic Rebalance @ 2026-03-27 | Progress:  77.8% (389/500)] Cause: SIGNAL_ENTRY
  --> Pipeline Funnel : Ghost=5 | Promoted=1 | Live=1
  --> SLSQP Metrics   : Eff Gross=0.26 | Port Vol=0.0108 | SPY Overlay=-6.2%
  --> Top Allocations :
      [OVERRIDE] AEE/ETR | W_A: 20.0% | W_B: -14.2% | Inno Z: -0.71 | ECDF: 1.00 | Alpha: 0.8152
------------------------------------------------------------

[Dynamic Rebalance @ 2026-04-07 | Progress:  79.0% (395/500)] Cause: SIGNAL_EXIT
  --> Pipeline Funnel : Ghost=3 | Promoted=0 | Live=0
------------------------------------------------------------

[Dynamic Rebalance @ 2026-04-09 | Progress:  79.4% (397/500)] Cause: SIGNAL_ENTRY
  --> Pipeline Funnel : Ghost=3 | Promoted=1 | Live=1
  --> SLSQP Metrics   : Eff Gross=0.23 | Port Vol=0.0340 | SPY Overlay=2.7%
  --> Top Allocations :
      [OVERRIDE] HRL/KDP | W_A: 20.0% | W_B: -8.2% | Inno Z: -0.66 | ECDF: 0.95 | Alpha: 1.0181
------------------------------------------------------------

[Dynamic Rebalance @ 2026-04-13 | Progress:  79.8% (399/500)] Cause: SIGNAL_EXIT
  --> Pipeline Funnel : Ghost=3 | Promoted=0 | Live=0
------------------------------------------------------------

[Dynamic Rebalance @ 2026-04-24 | Progress:  81.6% (408/500)] Cause: SIGNAL_ENTRY
  --> Pipeline Funnel : Ghost=7 | Promoted=1 | Live=1
  --> SLSQP Metrics   : Eff Gross=0.23 | Port Vol=0.0394 | SPY Overlay=3.0%
  --> Top Allocations :
      [OVERRIDE] CEG/VST | W_A: -20.0% | W_B: 14.0% | Inno Z: 0.61 | ECDF: 0.95 | Alpha: 0.8943
------------------------------------------------------------

[Dynamic Rebalance @ 2026-04-28 | Progress:  82.0% (410/500)] Cause: SIGNAL_EXIT
  --> Pipeline Funnel : Ghost=7 | Promoted=0 | Live=0
------------------------------------------------------------

[Dynamic Rebalance @ 2026-04-30 | Progress:  82.4% (412/500)] Cause: SIGNAL_ENTRY
  --> Pipeline Funnel : Ghost=7 | Promoted=3 | Live=3
  --> SLSQP Metrics   : Eff Gross=0.58 | Port Vol=0.0495 | SPY Overlay=30.0%
  --> Top Allocations :
      [BASE] AVGO/NVDA | W_A: -11.4% | W_B: 7.9% | Inno Z: 0.96 | ECDF: 1.00 | Alpha: 1.7295
      [OVERRIDE] ANET/NVDA | W_A: -11.4% | W_B: 7.3% | Inno Z: 0.85 | ECDF: 0.95 | Alpha: 1.6252
      [OVERRIDE] AWK/SO | W_A: 5.5% | W_B: -4.7% | Inno Z: -0.90 | ECDF: 1.00 | Alpha: 0.7638
------------------------------------------------------------

[Dynamic Rebalance @ 2026-05-05 | Progress:  83.0% (415/500)] Cause: SIGNAL_EXIT
  --> Pipeline Funnel : Ghost=4 | Promoted=0 | Live=2
  --> SLSQP Metrics   : Eff Gross=0.56 | Port Vol=0.0455 | SPY Overlay=30.0%
  --> Top Allocations :
      [BASE] AVGO/NVDA | W_A: -22.9% | W_B: 16.1% | Inno Z: 0.96 | ECDF: 0.84 | Alpha: 1.1600
      [OVERRIDE] AWK/SO | W_A: 3.6% | W_B: -3.0% | Inno Z: -0.90 | ECDF: 0.44 | Alpha: 0.1742
------------------------------------------------------------

[Dynamic Rebalance @ 2026-05-07 | Progress:  83.4% (417/500)] Cause: SIGNAL_EXIT
  --> Pipeline Funnel : Ghost=4 | Promoted=0 | Live=1
  --> SLSQP Metrics   : Eff Gross=0.30 | Port Vol=0.0237 | SPY Overlay=10.0%
  --> Top Allocations :
      [OVERRIDE] AWK/SO | W_A: 20.0% | W_B: -17.1% | Inno Z: -0.90 | ECDF: 0.86 | Alpha: 0.2047
------------------------------------------------------------

[Dynamic Rebalance @ 2026-05-08 | Progress:  83.6% (418/500)] Cause: SIGNAL_ENTRY
  --> Pipeline Funnel : Ghost=3 | Promoted=1 | Live=2
  --> SLSQP Metrics   : Eff Gross=0.62 | Port Vol=0.0737 | SPY Overlay=30.0%
  --> Top Allocations :
      [BASE] CRL/MTD | W_A: -28.0% | W_B: 19.9% | Inno Z: 1.10 | ECDF: 1.00 | Alpha: 3.0387
      [OVERRIDE] AWK/SO | W_A: 3.8% | W_B: -3.2% | Inno Z: -0.90 | ECDF: 0.06 | Alpha: 0.0830
------------------------------------------------------------

[Dynamic Rebalance @ 2026-05-12 | Progress:  84.0% (420/500)] Cause: SIGNAL_EXIT
  --> Pipeline Funnel : Ghost=2 | Promoted=0 | Live=0
------------------------------------------------------------

[Dynamic Rebalance @ 2026-05-28 | Progress:  86.2% (431/500)] Cause: SIGNAL_ENTRY
  --> Pipeline Funnel : Ghost=3 | Promoted=1 | Live=1
  --> SLSQP Metrics   : Eff Gross=0.44 | Port Vol=0.0535 | SPY Overlay=23.6%
  --> Top Allocations :
      [OVERRIDE] XYZ/TROW | W_A: -20.0% | W_B: 19.2% | Inno Z: 0.88 | ECDF: 0.95 | Alpha: 1.4742
------------------------------------------------------------

[Dynamic Rebalance @ 2026-06-02 | Progress:  86.8% (434/500)] Cause: SIGNAL_EXIT
  --> Pipeline Funnel : Ghost=3 | Promoted=0 | Live=0
------------------------------------------------------------

[Dynamic Rebalance @ 2026-06-03 | Progress:  87.0% (435/500)] Cause: SIGNAL_ENTRY
  --> Pipeline Funnel : Ghost=3 | Promoted=1 | Live=1
  --> SLSQP Metrics   : Eff Gross=0.55 | Port Vol=0.0483 | SPY Overlay=-30.0%
  --> Top Allocations :
      [BASE] XYZ/TROW | W_A: 25.0% | W_B: -23.9% | Inno Z: -1.01 | ECDF: 0.98 | Alpha: 1.8924
------------------------------------------------------------

[Dynamic Rebalance @ 2026-06-04 | Progress:  87.2% (436/500)] Cause: SIGNAL_ENTRY
  --> Pipeline Funnel : Ghost=4 | Promoted=1 | Live=2
  --> SLSQP Metrics   : Eff Gross=0.71 | Port Vol=0.0624 | SPY Overlay=-21.0%
  --> Top Allocations :
      [BASE] CCI/VICI | W_A: -35.0% | W_B: 29.8% | Inno Z: 1.06 | ECDF: 1.00 | Alpha: 1.9921
      [BASE] XYZ/TROW | W_A: 15.3% | W_B: -14.5% | Inno Z: -1.01 | ECDF: 0.76 | Alpha: 0.5555
------------------------------------------------------------

[Dynamic Rebalance @ 2026-06-08 | Progress:  87.6% (438/500)] Cause: SIGNAL_EXIT
  --> Pipeline Funnel : Ghost=5 | Promoted=0 | Live=0
------------------------------------------------------------

[Dynamic Rebalance @ 2026-06-24 | Progress:  89.8% (449/500)] Cause: SIGNAL_ENTRY
  --> Pipeline Funnel : Ghost=7 | Promoted=1 | Live=1
  --> SLSQP Metrics   : Eff Gross=0.53 | Port Vol=0.0952 | SPY Overlay=17.9%
  --> Top Allocations :
      [BASE] BAX/PFE | W_A: -35.0% | W_B: 14.6% | Inno Z: 1.27 | ECDF: 1.00 | Alpha: 1.7896
------------------------------------------------------------

[Dynamic Rebalance @ 2026-06-25 | Progress:  90.0% (450/500)] Cause: SIGNAL_ENTRY
  --> Pipeline Funnel : Ghost=7 | Promoted=1 | Live=2
  --> SLSQP Metrics   : Eff Gross=0.85 | Port Vol=0.1048 | SPY Overlay=25.3%
  --> Top Allocations :
      [BASE] BAX/PFE | W_A: -35.0% | W_B: 14.7% | Inno Z: 1.27 | ECDF: 0.95 | Alpha: 1.3807
      [BASE] MSCI/TROW | W_A: 24.6% | W_B: -16.3% | Inno Z: -1.03 | ECDF: 1.00 | Alpha: 0.7488
------------------------------------------------------------

[Dynamic Rebalance @ 2026-07-01 | Progress:  90.8% (454/500)] Cause: SIGNAL_EXIT
  --> Pipeline Funnel : Ghost=3 | Promoted=0 | Live=0
------------------------------------------------------------

[Dynamic Rebalance @ 2026-08-05 | Progress:  95.6% (478/500)] Cause: SIGNAL_ENTRY
  --> Pipeline Funnel : Ghost=5 | Promoted=1 | Live=1
  --> SLSQP Metrics   : Eff Gross=0.56 | Port Vol=0.0787 | SPY Overlay=20.6%
  --> Top Allocations :
      [BASE] CCI/WY | W_A: 35.0% | W_B: -15.7% | Inno Z: -0.98 | ECDF: 0.97 | Alpha: 0.6927
------------------------------------------------------------

[Dynamic Rebalance @ 2026-08-07 | Progress:  96.0% (480/500)] Cause: SIGNAL_EXIT
  --> Pipeline Funnel : Ghost=4 | Promoted=0 | Live=0
------------------------------------------------------------

=====================================================================================
FUNNEL CONVERSION ATTRIBUTION & MARGINAL PERFORMANCE REPORT
=====================================================================================
  Funnel Tier / Portfolio Stage          | Ann. Return [%]    | Sortino Ratio     
-------------------------------------------------------------------------------------
  Ghost Portfolio (Raw Universe)         |               nan% |             1.1198
  Promoted Portfolio (Parametric Gated)  |               nan% |             1.9947
  Live Portfolio (SLSQP Optimized)       |              5.27% |             0.9882
-------------------------------------------------------------------------------------
  --> Parametric Selection Delta         |              +nan% |            +0.8749
  --> Optimizer Allocation Delta         |              +nan% |            -1.0065
=====================================================================================

=====================================================================================
QUANTITATIVE MARKET NEUTRALITY & FACTOR DIAGNOSTIC AUDIT
=====================================================================================
                    Metric  Value Threshold Status
          Annualized Alpha  5.07%       N/A   INFO
         Market Beta (β_m) 0.0070  < |0.01|   PASS
              Beta p-value 0.5125   >= 0.05   PASS
          Beta t-statistic 0.6554  < |1.96|   PASS
   Variance Explained (R²)  0.09%    < 0.5%   PASS
Bull Market Beta (R_m > 0) 0.0105  < |0.01|   FAIL
Bear Market Beta (R_m < 0) 0.0067  < |0.01|   PASS
-------------------------------------------------------------------------------------
  VERDICT: Market Neutral = FALSE | Failures: Bull Market Beta (R_m > 0)
=====================================================================================

=====================================================================================
INVESTMENT COMMITTEE PAIR REVIEW TEARSHEET (ATTRIBUTED BY REGIME)
=====================================================================================
Strategy_Origin   Pair_Legs  Total_Return_[%]  Sharpe_Ratio  Sortino_Ratio  Max_DD_[%]  Win_Rate_[%]  Total_Trades
           BASE     ES / FE          1.188832      0.936130       1.828122    0.010249     50.000000             6
           BASE  CCI / VICI          0.865442      0.691727       1.312857    0.010412    100.000000             2
           BASE  XYZ / TROW          2.349912      0.585044       0.102077    0.760635     45.454545            11
           BASE    EXC / NI          0.291051      0.487322       0.562102    0.008196    100.000000             2
           BASE    ATO / NI          0.143295      0.482033       0.404973    0.005601    100.000000             2
           BASE DELL / SMCI          1.410195      0.459509       0.110337    0.366671     75.000000             4
           BASE MSCI / TROW          0.870908      0.452627       0.041523    0.476322     57.142857             7
           BASE ANET / SMCI          1.368997      0.416722       0.122186    0.251439    100.000000             3
           BASE AVGO / SMCI          0.283366      0.291971       0.057022    0.126149    100.000000             2
           BASE AVGO / KLAC          0.473369      0.127750       0.011683    1.479165     25.000000             8
           BASE AVGO / NVDA          0.025379      0.012440       0.001509    0.753498     50.000000             8
           BASE   CRL / MTD         -0.068368     -0.194139      -0.010107    0.158643     33.333333             3
           BASE   BAX / PFE         -1.305855     -0.307003      -0.029317    2.007431     50.000000            10
           BASE     D / SRE         -0.390976     -0.313934      -0.028921    0.647989     22.222222             9
           BASE    CCI / WY         -0.523645     -0.334385      -0.015644    0.746730     50.000000             4
           BASE     D / ETR         -0.226780     -0.590698      -0.032299    0.226780      0.000000             2
           BASE   AMT / KIM         -1.801806     -0.617964      -0.052308    1.982150     25.000000             8
           BASE  IVZ / PYPL         -0.248983     -0.717548      -0.039222    0.248983     25.000000             4
       OVERRIDE  INVH / KIM          0.590703      0.673827       0.078592    0.167937     50.000000             8
       OVERRIDE  ADI / MPWR          0.486733      0.647672       2.360811    0.003260    100.000000             3
       OVERRIDE    DTE / FE          0.229947      0.628397       0.837171    0.004345     75.000000             4
       OVERRIDE   HRL / KDP          0.339919      0.599925       1.225073    0.004389    100.000000             2
       OVERRIDE ANET / NVDA          2.061109      0.523487      10.761743    0.003029     66.666667             3
       OVERRIDE    AWK / SO          0.086894      0.266128       0.027712    0.109753     44.444444             9
       OVERRIDE   AEE / ETR          0.112031      0.248798       0.028851    0.131872     50.000000             8
       OVERRIDE  FITB / TFC          0.078746      0.173507       0.020887    0.157510     50.000000             8
       OVERRIDE   COF / WFC          0.145501      0.098004       0.012458    0.681062     55.555556             9
       OVERRIDE   BAC / CFG          0.012098      0.016557       0.001583    0.196564     33.333333             3
       OVERRIDE   COP / MPC         -0.412371     -0.361549      -0.022938    0.412371     50.000000             6
       OVERRIDE   CEG / VST         -0.662896     -0.510239      -0.037774    0.862559     14.285714             7

=====================================================================================
WALK-FORWARD NET PORTFOLIO STATS (POST-FEES & EXECUTION LAG)
=====================================================================================
Start                         2024-09-09 00:00:00
End                           2026-09-04 00:00:00
Period                                        500
Start Value                              250000.0
End Value                           276951.862849
Total Return [%]                        10.780745
Benchmark Return [%]                    57.596452
Max Gross Exposure [%]                 117.125449
Total Fees Paid                       1509.773741
Max Drawdown [%]                         2.193585
Max Drawdown Duration                       268.0
Total Trades                                  126
Total Closed Trades                           126
Total Open Trades                               0
Open Trade PnL                                0.0
Win Rate [%]                            52.380952
Best Trade [%]                          14.818782
Worst Trade [%]                         -8.533956
Avg Winning Trade [%]                    2.730508
Avg Losing Trade [%]                    -2.358679
Avg Winning Trade Duration               3.060606
Avg Losing Trade Duration                3.616667
Profit Factor                            1.532391
Expectancy                             213.903673

=====================================================================================
ACTIONABLE MARKET-ON-OPEN (MOO) ORDER BLOTTER FOR NEXT SESSION
=====================================================================================
Empty DataFrame
Columns: [Ticker, Action, Order_Type, Delta_Shares, Target_Shares, Current_Shares, Est_Order_USD, Target_Weight_%, ADV_Participation_%, Price_Ref]
Index: []

>>> entry_ecdf_percentile=0.95: too_low: 5.27%

=====================================================================================
TUNING RUN: min_override_z=0.5
=====================================================================================
=====================================================================================
STARTING ROBUST STAT-ARB ENGINE (NOISE-FILTERED OVERRIDE)
=====================================================================================
[Pipeline Info] 'SPY' ticker detected. Using real SPY price series for CAPM benchmark.
[DAG Pre-Compute] Initializing Vectorized Matrix Space...
[DAG Pre-Compute] Processing 1570 Sector-Matched Residual Pairs...
[DAG Pre-Compute] Completed successfully. Executing Portfolio Routing Loop.
[Friction Engine] Goldilocks absolute minimum alpha floor calibrated to 0.66%

[Dynamic Rebalance @ 2024-09-09 | Progress:   0.2% (1/500)] Cause: INITIAL_ENTRY
  --> Pipeline Funnel : Ghost=4 | Promoted=0 | Live=0
------------------------------------------------------------

[Dynamic Rebalance @ 2024-09-26 | Progress:   2.8% (14/500)] Cause: SIGNAL_ENTRY
  --> Pipeline Funnel : Ghost=4 | Promoted=1 | Live=1
  --> SLSQP Metrics   : Eff Gross=0.55 | Port Vol=0.0916 | SPY Overlay=30.0%
  --> Top Allocations :
      [BASE] AVGO/SMCI | W_A: -25.0% | W_B: 9.9% | Inno Z: 1.23 | ECDF: 0.97 | Alpha: 2.1921
------------------------------------------------------------

[Dynamic Rebalance @ 2024-10-01 | Progress:   3.4% (17/500)] Cause: SIGNAL_EXIT
  --> Pipeline Funnel : Ghost=8 | Promoted=0 | Live=0
------------------------------------------------------------

[Dynamic Rebalance @ 2024-10-15 | Progress:   5.4% (27/500)] Cause: SIGNAL_ENTRY
  --> Pipeline Funnel : Ghost=4 | Promoted=1 | Live=1
  --> SLSQP Metrics   : Eff Gross=0.54 | Port Vol=0.0658 | SPY Overlay=-18.7%
  --> Top Allocations :
      [BASE] AVGO/KLAC | W_A: -35.0% | W_B: 29.6% | Inno Z: 1.53 | ECDF: 1.00 | Alpha: 2.6873
------------------------------------------------------------

[Dynamic Rebalance @ 2024-10-17 | Progress:   5.8% (29/500)] Cause: SIGNAL_ENTRY
  --> Pipeline Funnel : Ghost=5 | Promoted=1 | Live=2
  --> SLSQP Metrics   : Eff Gross=0.66 | Port Vol=0.0722 | SPY Overlay=-18.7%
  --> Top Allocations :
      [BASE] AVGO/KLAC | W_A: -33.5% | W_B: 28.5% | Inno Z: 1.53 | ECDF: 0.94 | Alpha: 1.3541
      [OVERRIDE] FITB/TFC | W_A: -13.8% | W_B: 12.0% | Inno Z: 0.69 | ECDF: 1.00 | Alpha: 0.7170
------------------------------------------------------------

[Dynamic Rebalance @ 2024-10-25 | Progress:   7.0% (35/500)] Cause: SIGNAL_EXIT
  --> Pipeline Funnel : Ghost=6 | Promoted=0 | Live=0
------------------------------------------------------------

[Dynamic Rebalance @ 2024-10-29 | Progress:   7.4% (37/500)] Cause: SIGNAL_ENTRY
  --> Pipeline Funnel : Ghost=6 | Promoted=1 | Live=1
  --> SLSQP Metrics   : Eff Gross=0.41 | Port Vol=0.0233 | SPY Overlay=20.7%
  --> Top Allocations :
      [OVERRIDE] AMT/KIM | W_A: 20.0% | W_B: -14.7% | Inno Z: -0.79 | ECDF: 0.98 | Alpha: 0.9462
------------------------------------------------------------

[Dynamic Rebalance @ 2024-10-31 | Progress:   7.8% (39/500)] Cause: SIGNAL_ENTRY
  --> Pipeline Funnel : Ghost=7 | Promoted=3 | Live=4
  --> SLSQP Metrics   : Eff Gross=0.66 | Port Vol=0.0187 | SPY Overlay=-30.0%
  --> Top Allocations :
      [BASE] D/ETR | W_A: 14.0% | W_B: -10.5% | Inno Z: -1.70 | ECDF: 1.00 | Alpha: 3.8541
      [OVERRIDE] ADI/MPWR | W_A: -10.4% | W_B: 5.5% | Inno Z: 0.85 | ECDF: 1.00 | Alpha: 2.0043
      [OVERRIDE] INVH/UDR | W_A: 8.6% | W_B: -6.6% | Inno Z: -0.57 | ECDF: 1.00 | Alpha: 0.8897
------------------------------------------------------------

[Dynamic Rebalance @ 2024-11-04 | Progress:   8.2% (41/500)] Cause: SIGNAL_EXIT
  --> Pipeline Funnel : Ghost=0 | Promoted=0 | Live=1
  --> SLSQP Metrics   : Eff Gross=0.37 | Port Vol=0.0229 | SPY Overlay=17.2%
  --> Top Allocations :
      [OVERRIDE] AMT/KIM | W_A: 20.0% | W_B: -14.5% | Inno Z: -0.79 | ECDF: 0.70 | Alpha: 0.2308
------------------------------------------------------------

[Dynamic Rebalance @ 2024-11-05 | Progress:   8.4% (42/500)] Cause: SIGNAL_EXIT
  --> Pipeline Funnel : Ghost=2 | Promoted=0 | Live=0
------------------------------------------------------------

[Dynamic Rebalance @ 2024-11-06 | Progress:   8.6% (43/500)] Cause: SIGNAL_ENTRY
  --> Pipeline Funnel : Ghost=4 | Promoted=2 | Live=2
  --> SLSQP Metrics   : Eff Gross=0.55 | Port Vol=0.0188 | SPY Overlay=30.0%
  --> Top Allocations :
      [BASE] D/SRE | W_A: 13.0% | W_B: -10.7% | Inno Z: -1.44 | ECDF: 1.00 | Alpha: 2.6301
      [BASE] AMT/KIM | W_A: 12.0% | W_B: -8.6% | Inno Z: -1.42 | ECDF: 1.00 | Alpha: 1.9462
------------------------------------------------------------

[Dynamic Rebalance @ 2024-11-07 | Progress:   8.8% (44/500)] Cause: SIGNAL_ENTRY
  --> Pipeline Funnel : Ghost=3 | Promoted=1 | Live=3
  --> SLSQP Metrics   : Eff Gross=0.64 | Port Vol=0.0265 | SPY Overlay=30.0%
  --> Top Allocations :
      [BASE] AMT/KIM | W_A: 14.1% | W_B: -9.9% | Inno Z: -1.42 | ECDF: 0.97 | Alpha: 0.7889
      [OVERRIDE] DTE/FE | W_A: 14.1% | W_B: -13.1% | Inno Z: -0.74 | ECDF: 1.00 | Alpha: 1.1191
      [BASE] D/SRE | W_A: 5.7% | W_B: -4.6% | Inno Z: -1.44 | ECDF: 0.98 | Alpha: 0.3180
------------------------------------------------------------

[Dynamic Rebalance @ 2024-11-08 | Progress:   9.0% (45/500)] Cause: SIGNAL_EXIT
  --> Pipeline Funnel : Ghost=3 | Promoted=0 | Live=2
  --> SLSQP Metrics   : Eff Gross=0.60 | Port Vol=0.0281 | SPY Overlay=30.0%
  --> Top Allocations :
      [BASE] D/SRE | W_A: 22.0% | W_B: -17.7% | Inno Z: -1.44 | ECDF: 0.48 | Alpha: 0.2159
      [OVERRIDE] DTE/FE | W_A: 8.3% | W_B: -7.7% | Inno Z: -0.74 | ECDF: 0.92 | Alpha: 0.0988
------------------------------------------------------------

[Dynamic Rebalance @ 2024-11-11 | Progress:   9.2% (46/500)] Cause: SIGNAL_EXIT
  --> Pipeline Funnel : Ghost=4 | Promoted=1 | Live=2
  --> SLSQP Metrics   : Eff Gross=0.55 | Port Vol=0.0285 | SPY Overlay=30.0%
  --> Top Allocations :
      [OVERRIDE] AMT/KIM | W_A: 12.9% | W_B: -9.0% | Inno Z: -0.63 | ECDF: 0.94 | Alpha: 0.7213
      [BASE] D/SRE | W_A: 12.1% | W_B: -9.7% | Inno Z: -1.44 | ECDF: 0.29 | Alpha: 0.2613
------------------------------------------------------------

[Dynamic Rebalance @ 2024-11-13 | Progress:   9.6% (48/500)] Cause: SIGNAL_EXIT
  --> Pipeline Funnel : Ghost=3 | Promoted=0 | Live=1
  --> SLSQP Metrics   : Eff Gross=0.55 | Port Vol=0.0304 | SPY Overlay=30.0%
  --> Top Allocations :
      [BASE] D/SRE | W_A: 25.0% | W_B: -20.0% | Inno Z: -1.44 | ECDF: 0.87 | Alpha: 0.0097
------------------------------------------------------------

[Dynamic Rebalance @ 2024-11-15 | Progress:  10.0% (50/500)] Cause: SIGNAL_ENTRY
  --> Pipeline Funnel : Ghost=4 | Promoted=1 | Live=2
  --> SLSQP Metrics   : Eff Gross=0.66 | Port Vol=0.0438 | SPY Overlay=22.3%
  --> Top Allocations :
      [BASE] D/SRE | W_A: 23.3% | W_B: -18.7% | Inno Z: -1.44 | ECDF: 0.83 | Alpha: 0.4640
      [OVERRIDE] PFE/RVTY | W_A: 20.0% | W_B: -5.5% | Inno Z: -0.55 | ECDF: 0.98 | Alpha: 0.9298
------------------------------------------------------------

[Dynamic Rebalance @ 2024-11-18 | Progress:  10.2% (51/500)] Cause: SIGNAL_EXIT
  --> Pipeline Funnel : Ghost=3 | Promoted=0 | Live=0
------------------------------------------------------------

[Dynamic Rebalance @ 2025-01-27 | Progress:  19.2% (96/500)] Cause: SIGNAL_ENTRY
  --> Pipeline Funnel : Ghost=5 | Promoted=2 | Live=2
  --> SLSQP Metrics   : Eff Gross=0.77 | Port Vol=0.0272 | SPY Overlay=-30.0%
  --> Top Allocations :
      [BASE] EXC/NI | W_A: -28.6% | W_B: 22.3% | Inno Z: 1.13 | ECDF: 1.00 | Alpha: 1.7885
      [BASE] ATO/NI | W_A: -18.8% | W_B: 16.1% | Inno Z: 0.95 | ECDF: 1.00 | Alpha: 0.8759
------------------------------------------------------------

[Dynamic Rebalance @ 2025-01-28 | Progress:  19.4% (97/500)] Cause: SIGNAL_ENTRY
  --> Pipeline Funnel : Ghost=5 | Promoted=1 | Live=1
  --> SLSQP Metrics   : Eff Gross=0.41 | Port Vol=0.0310 | SPY Overlay=22.1%
  --> Top Allocations :
      [BASE] IVZ/PYPL | W_A: -18.5% | W_B: 8.6% | Inno Z: 1.57 | ECDF: 1.00 | Alpha: 3.0354
------------------------------------------------------------

[Dynamic Rebalance @ 2025-01-30 | Progress:  19.8% (99/500)] Cause: SIGNAL_EXIT
  --> Pipeline Funnel : Ghost=3 | Promoted=0 | Live=0
------------------------------------------------------------

[Dynamic Rebalance @ 2025-02-11 | Progress:  21.4% (107/500)] Cause: SIGNAL_ENTRY
  --> Pipeline Funnel : Ghost=1 | Promoted=1 | Live=1
  --> SLSQP Metrics   : Eff Gross=0.20 | Port Vol=0.0454 | SPY Overlay=0.2%
  --> Top Allocations :
      [OVERRIDE] INCY/RVTY | W_A: 20.0% | W_B: -8.2% | Inno Z: -0.59 | ECDF: 0.95 | Alpha: 0.9225
------------------------------------------------------------

[Dynamic Rebalance @ 2025-02-14 | Progress:  22.0% (110/500)] Cause: SIGNAL_EXIT

[Dynamic Rebalance @ 2025-03-04 | Progress:  24.2% (121/500)] Cause: SIGNAL_ENTRY
  --> Pipeline Funnel : Ghost=1 | Promoted=1 | Live=1
  --> SLSQP Metrics   : Eff Gross=0.31 | Port Vol=0.0172 | SPY Overlay=-11.3%
  --> Top Allocations :
      [OVERRIDE] BAC/CFG | W_A: 20.0% | W_B: -12.9% | Inno Z: -0.73 | ECDF: 1.00 | Alpha: 0.9144
------------------------------------------------------------

[Dynamic Rebalance @ 2025-03-07 | Progress:  24.8% (124/500)] Cause: SIGNAL_EXIT
  --> Pipeline Funnel : Ghost=1 | Promoted=0 | Live=0
------------------------------------------------------------

[Dynamic Rebalance @ 2025-04-04 | Progress:  28.8% (144/500)] Cause: SIGNAL_ENTRY
  --> Pipeline Funnel : Ghost=3 | Promoted=1 | Live=1
  --> SLSQP Metrics   : Eff Gross=0.31 | Port Vol=0.0277 | SPY Overlay=-11.3%
  --> Top Allocations :
      [OVERRIDE] COP/MPC | W_A: 20.0% | W_B: -13.6% | Inno Z: -0.94 | ECDF: 1.00 | Alpha: 0.8957
------------------------------------------------------------

[Dynamic Rebalance @ 2025-04-07 | Progress:  29.0% (145/500)] Cause: SIGNAL_ENTRY
  --> Pipeline Funnel : Ghost=2 | Promoted=1 | Live=2
  --> SLSQP Metrics   : Eff Gross=0.33 | Port Vol=0.0283 | SPY Overlay=-4.1%
  --> Top Allocations :
      [OVERRIDE] INVH/KIM | W_A: 20.0% | W_B: -11.5% | Inno Z: -0.67 | ECDF: 0.98 | Alpha: 0.7924
      [OVERRIDE] COP/MPC | W_A: 8.6% | W_B: -5.8% | Inno Z: -0.94 | ECDF: 0.90 | Alpha: 0.2167
------------------------------------------------------------

[Dynamic Rebalance @ 2025-04-09 | Progress:  29.4% (147/500)] Cause: SIGNAL_EXIT
  --> Pipeline Funnel : Ghost=1 | Promoted=0 | Live=1
  --> SLSQP Metrics   : Eff Gross=0.22 | Port Vol=0.0256 | SPY Overlay=-1.5%
  --> Top Allocations :
      [OVERRIDE] INVH/KIM | W_A: 20.0% | W_B: -11.5% | Inno Z: -0.67 | ECDF: 0.02 | Alpha: 0.2555
------------------------------------------------------------

[Dynamic Rebalance @ 2025-04-14 | Progress:  30.0% (150/500)] Cause: SIGNAL_EXIT
  --> Pipeline Funnel : Ghost=1 | Promoted=0 | Live=0
------------------------------------------------------------

[Dynamic Rebalance @ 2025-07-30 | Progress:  44.6% (223/500)] Cause: SIGNAL_ENTRY
  --> Pipeline Funnel : Ghost=3 | Promoted=1 | Live=1
  --> SLSQP Metrics   : Eff Gross=0.22 | Port Vol=0.0145 | SPY Overlay=1.8%
  --> Top Allocations :
      [OVERRIDE] AMP/MET | W_A: -20.0% | W_B: 18.4% | Inno Z: 0.56 | ECDF: 1.00 | Alpha: 0.9363
------------------------------------------------------------

[Dynamic Rebalance @ 2025-08-01 | Progress:  45.0% (225/500)] Cause: SIGNAL_EXIT
  --> Pipeline Funnel : Ghost=3 | Promoted=0 | Live=0
------------------------------------------------------------

[Dynamic Rebalance @ 2025-11-19 | Progress:  60.4% (302/500)] Cause: SIGNAL_ENTRY
  --> Pipeline Funnel : Ghost=3 | Promoted=1 | Live=1
  --> SLSQP Metrics   : Eff Gross=0.51 | Port Vol=0.0403 | SPY Overlay=15.8%
  --> Top Allocations :
      [BASE] ES/FE | W_A: 35.0% | W_B: -29.4% | Inno Z: -2.19 | ECDF: 1.00 | Alpha: 3.7258
------------------------------------------------------------

[Dynamic Rebalance @ 2025-11-25 | Progress:  61.2% (306/500)] Cause: SIGNAL_EXIT
  --> Pipeline Funnel : Ghost=1 | Promoted=0 | Live=0
------------------------------------------------------------

[Dynamic Rebalance @ 2025-12-10 | Progress:  63.2% (316/500)] Cause: SIGNAL_ENTRY
  --> Pipeline Funnel : Ghost=4 | Promoted=1 | Live=1
  --> SLSQP Metrics   : Eff Gross=0.33 | Port Vol=0.0387 | SPY Overlay=13.2%
  --> Top Allocations :
      [OVERRIDE] LUV/UAL | W_A: -20.0% | W_B: 9.8% | Inno Z: 0.55 | ECDF: 0.92 | Alpha: 0.7389
------------------------------------------------------------

[Dynamic Rebalance @ 2025-12-12 | Progress:  63.6% (318/500)] Cause: SIGNAL_ENTRY
  --> Pipeline Funnel : Ghost=6 | Promoted=1 | Live=2
  --> SLSQP Metrics   : Eff Gross=0.66 | Port Vol=0.0659 | SPY Overlay=-30.0%
  --> Top Allocations :
      [BASE] AVGO/NVDA | W_A: 27.8% | W_B: -19.2% | Inno Z: -1.45 | ECDF: 1.00 | Alpha: 3.4697
      [OVERRIDE] LUV/UAL | W_A: -7.7% | W_B: 3.9% | Inno Z: 0.55 | ECDF: 0.86 | Alpha: 1.0647
------------------------------------------------------------

[Dynamic Rebalance @ 2025-12-16 | Progress:  64.0% (320/500)] Cause: SIGNAL_EXIT
  --> Pipeline Funnel : Ghost=6 | Promoted=0 | Live=0
------------------------------------------------------------

[Dynamic Rebalance @ 2026-01-12 | Progress:  67.4% (337/500)] Cause: SIGNAL_ENTRY
  --> Pipeline Funnel : Ghost=3 | Promoted=1 | Live=1
  --> SLSQP Metrics   : Eff Gross=0.20 | Port Vol=0.0194 | SPY Overlay=-0.4%
  --> Top Allocations :
      [OVERRIDE] HBAN/SYF | W_A: -20.0% | W_B: 12.8% | Inno Z: 0.59 | ECDF: 1.00 | Alpha: 0.9521
------------------------------------------------------------

[Dynamic Rebalance @ 2026-01-14 | Progress:  67.8% (339/500)] Cause: SIGNAL_EXIT
  --> Pipeline Funnel : Ghost=5 | Promoted=0 | Live=0
------------------------------------------------------------

[Dynamic Rebalance @ 2026-01-16 | Progress:  68.2% (341/500)] Cause: SIGNAL_ENTRY
  --> Pipeline Funnel : Ghost=4 | Promoted=1 | Live=1
  --> SLSQP Metrics   : Eff Gross=0.30 | Port Vol=0.0314 | SPY Overlay=-10.3%
  --> Top Allocations :
      [OVERRIDE] CEG/VST | W_A: 20.0% | W_B: -13.8% | Inno Z: -0.77 | ECDF: 0.98 | Alpha: 1.4780
------------------------------------------------------------

[Dynamic Rebalance @ 2026-01-21 | Progress:  68.6% (343/500)] Cause: SIGNAL_ENTRY
  --> Pipeline Funnel : Ghost=4 | Promoted=1 | Live=2
  --> SLSQP Metrics   : Eff Gross=0.54 | Port Vol=0.0586 | SPY Overlay=-18.7%
  --> Top Allocations :
      [OVERRIDE] AVGO/NVDA | W_A: 20.0% | W_B: -13.3% | Inno Z: -0.52 | ECDF: 0.90 | Alpha: 0.8843
      [OVERRIDE] CEG/VST | W_A: 15.5% | W_B: -10.6% | Inno Z: -0.77 | ECDF: 0.84 | Alpha: 0.5606
------------------------------------------------------------

[Dynamic Rebalance @ 2026-01-22 | Progress:  68.8% (344/500)] Cause: SIGNAL_EXIT
  --> Pipeline Funnel : Ghost=5 | Promoted=0 | Live=1
  --> SLSQP Metrics   : Eff Gross=0.38 | Port Vol=0.0484 | SPY Overlay=-18.0%
  --> Top Allocations :
      [OVERRIDE] AVGO/NVDA | W_A: 20.0% | W_B: -13.3% | Inno Z: -0.52 | ECDF: 0.70 | Alpha: 0.3929
------------------------------------------------------------

[Dynamic Rebalance @ 2026-01-23 | Progress:  69.0% (345/500)] Cause: SIGNAL_EXIT
  --> Pipeline Funnel : Ghost=5 | Promoted=0 | Live=0
------------------------------------------------------------

[Dynamic Rebalance @ 2026-02-12 | Progress:  71.8% (359/500)] Cause: SIGNAL_ENTRY
  --> Pipeline Funnel : Ghost=7 | Promoted=1 | Live=1
  --> SLSQP Metrics   : Eff Gross=0.55 | Port Vol=0.0536 | SPY Overlay=-30.0%
  --> Top Allocations :
      [BASE] XYZ/TROW | W_A: 25.0% | W_B: -22.8% | Inno Z: -1.50 | ECDF: 1.00 | Alpha: 2.3854
------------------------------------------------------------

[Dynamic Rebalance @ 2026-02-17 | Progress:  72.2% (361/500)] Cause: SIGNAL_EXIT

[Dynamic Rebalance @ 2026-02-23 | Progress:  73.0% (365/500)] Cause: SIGNAL_ENTRY
  --> Pipeline Funnel : Ghost=4 | Promoted=1 | Live=1
  --> SLSQP Metrics   : Eff Gross=0.41 | Port Vol=0.0296 | SPY Overlay=-20.7%
  --> Top Allocations :
      [OVERRIDE] COF/WFC | W_A: 20.0% | W_B: -17.6% | Inno Z: -0.90 | ECDF: 0.97 | Alpha: 0.8874
------------------------------------------------------------

[Dynamic Rebalance @ 2026-02-27 | Progress:  73.8% (369/500)] Cause: SIGNAL_ENTRY
  --> Pipeline Funnel : Ghost=4 | Promoted=1 | Live=2
  --> SLSQP Metrics   : Eff Gross=0.51 | Port Vol=0.1010 | SPY Overlay=11.4%
  --> Top Allocations :
      [BASE] DELL/SMCI | W_A: -35.0% | W_B: 12.2% | Inno Z: 3.61 | ECDF: 1.00 | Alpha: 6.5882
      [OVERRIDE] COF/WFC | W_A: 5.0% | W_B: -4.5% | Inno Z: -0.90 | ECDF: 0.30 | Alpha: 0.9427
------------------------------------------------------------

[Dynamic Rebalance @ 2026-03-05 | Progress:  74.6% (373/500)] Cause: SIGNAL_EXIT
  --> Pipeline Funnel : Ghost=3 | Promoted=0 | Live=0
------------------------------------------------------------

[Dynamic Rebalance @ 2026-03-06 | Progress:  74.8% (374/500)] Cause: SIGNAL_ENTRY
  --> Pipeline Funnel : Ghost=3 | Promoted=1 | Live=1
  --> SLSQP Metrics   : Eff Gross=0.55 | Port Vol=0.0821 | SPY Overlay=-30.0%
  --> Top Allocations :
      [BASE] BAX/PFE | W_A: 25.0% | W_B: -9.1% | Inno Z: -1.25 | ECDF: 0.97 | Alpha: 1.2699
------------------------------------------------------------

[Dynamic Rebalance @ 2026-03-11 | Progress:  75.4% (377/500)] Cause: SIGNAL_EXIT
  --> Pipeline Funnel : Ghost=3 | Promoted=0 | Live=0
------------------------------------------------------------

[Dynamic Rebalance @ 2026-03-20 | Progress:  76.8% (384/500)] Cause: SIGNAL_ENTRY
  --> Pipeline Funnel : Ghost=4 | Promoted=1 | Live=1
  --> SLSQP Metrics   : Eff Gross=0.35 | Port Vol=0.1342 | SPY Overlay=-0.5%
  --> Top Allocations :
      [BASE] ANET/SMCI | W_A: -35.0% | W_B: 10.8% | Inno Z: 1.83 | ECDF: 0.98 | Alpha: 1.6653
------------------------------------------------------------

[Dynamic Rebalance @ 2026-03-24 | Progress:  77.2% (386/500)] Cause: SIGNAL_EXIT
  --> Pipeline Funnel : Ghost=3 | Promoted=0 | Live=0
------------------------------------------------------------

[Dynamic Rebalance @ 2026-03-27 | Progress:  77.8% (389/500)] Cause: SIGNAL_ENTRY
  --> Pipeline Funnel : Ghost=5 | Promoted=1 | Live=1
  --> SLSQP Metrics   : Eff Gross=0.26 | Port Vol=0.0108 | SPY Overlay=-6.2%
  --> Top Allocations :
      [OVERRIDE] AEE/ETR | W_A: 20.0% | W_B: -14.2% | Inno Z: -0.71 | ECDF: 1.00 | Alpha: 0.8152
------------------------------------------------------------

[Dynamic Rebalance @ 2026-04-07 | Progress:  79.0% (395/500)] Cause: SIGNAL_EXIT
  --> Pipeline Funnel : Ghost=3 | Promoted=0 | Live=0
------------------------------------------------------------

[Dynamic Rebalance @ 2026-04-09 | Progress:  79.4% (397/500)] Cause: SIGNAL_ENTRY
  --> Pipeline Funnel : Ghost=3 | Promoted=1 | Live=1
  --> SLSQP Metrics   : Eff Gross=0.23 | Port Vol=0.0340 | SPY Overlay=2.7%
  --> Top Allocations :
      [OVERRIDE] HRL/KDP | W_A: 20.0% | W_B: -8.2% | Inno Z: -0.66 | ECDF: 0.95 | Alpha: 1.0181
------------------------------------------------------------

[Dynamic Rebalance @ 2026-04-13 | Progress:  79.8% (399/500)] Cause: SIGNAL_EXIT
  --> Pipeline Funnel : Ghost=3 | Promoted=0 | Live=0
------------------------------------------------------------

[Dynamic Rebalance @ 2026-04-24 | Progress:  81.6% (408/500)] Cause: SIGNAL_ENTRY
  --> Pipeline Funnel : Ghost=7 | Promoted=1 | Live=1
  --> SLSQP Metrics   : Eff Gross=0.23 | Port Vol=0.0394 | SPY Overlay=3.0%
  --> Top Allocations :
      [OVERRIDE] CEG/VST | W_A: -20.0% | W_B: 14.0% | Inno Z: 0.61 | ECDF: 0.95 | Alpha: 0.8943
------------------------------------------------------------

[Dynamic Rebalance @ 2026-04-28 | Progress:  82.0% (410/500)] Cause: SIGNAL_EXIT
  --> Pipeline Funnel : Ghost=7 | Promoted=0 | Live=0
------------------------------------------------------------

[Dynamic Rebalance @ 2026-04-30 | Progress:  82.4% (412/500)] Cause: SIGNAL_ENTRY
  --> Pipeline Funnel : Ghost=7 | Promoted=3 | Live=3
  --> SLSQP Metrics   : Eff Gross=0.58 | Port Vol=0.0495 | SPY Overlay=30.0%
  --> Top Allocations :
      [BASE] AVGO/NVDA | W_A: -11.4% | W_B: 7.9% | Inno Z: 0.96 | ECDF: 1.00 | Alpha: 1.7295
      [OVERRIDE] ANET/NVDA | W_A: -11.4% | W_B: 7.3% | Inno Z: 0.85 | ECDF: 0.95 | Alpha: 1.6252
      [OVERRIDE] AWK/SO | W_A: 5.5% | W_B: -4.7% | Inno Z: -0.90 | ECDF: 1.00 | Alpha: 0.7638
------------------------------------------------------------

[Dynamic Rebalance @ 2026-05-04 | Progress:  82.8% (414/500)] Cause: SIGNAL_ENTRY
  --> Pipeline Funnel : Ghost=4 | Promoted=1 | Live=4
  --> SLSQP Metrics   : Eff Gross=0.73 | Port Vol=0.0483 | SPY Overlay=30.0%
  --> Top Allocations :
      [OVERRIDE] AWK/SO | W_A: 13.2% | W_B: -11.2% | Inno Z: -0.90 | ECDF: 0.32 | Alpha: 0.1333
      [OVERRIDE] CCI/VICI | W_A: -13.2% | W_B: 11.0% | Inno Z: 0.65 | ECDF: 0.90 | Alpha: 0.9371
      [OVERRIDE] ANET/NVDA | W_A: -8.6% | W_B: 5.5% | Inno Z: 0.85 | ECDF: 0.06 | Alpha: 0.0642
------------------------------------------------------------

[Dynamic Rebalance @ 2026-05-05 | Progress:  83.0% (415/500)] Cause: SIGNAL_EXIT
  --> Pipeline Funnel : Ghost=3 | Promoted=0 | Live=1
  --> SLSQP Metrics   : Eff Gross=0.55 | Port Vol=0.0507 | SPY Overlay=30.0%
  --> Top Allocations :
      [BASE] AVGO/NVDA | W_A: -25.0% | W_B: 17.6% | Inno Z: 0.96 | ECDF: 0.84 | Alpha: 0.6736
------------------------------------------------------------

[Dynamic Rebalance @ 2026-05-07 | Progress:  83.4% (417/500)] Cause: SIGNAL_EXIT
  --> Pipeline Funnel : Ghost=3 | Promoted=0 | Live=0
------------------------------------------------------------

[Dynamic Rebalance @ 2026-05-08 | Progress:  83.6% (418/500)] Cause: SIGNAL_ENTRY
  --> Pipeline Funnel : Ghost=3 | Promoted=1 | Live=1
  --> SLSQP Metrics   : Eff Gross=0.60 | Port Vol=0.0794 | SPY Overlay=30.0%
  --> Top Allocations :
      [BASE] CRL/MTD | W_A: -29.8% | W_B: 21.2% | Inno Z: 1.10 | ECDF: 1.00 | Alpha: 3.0387
------------------------------------------------------------

[Dynamic Rebalance @ 2026-05-12 | Progress:  84.0% (420/500)] Cause: SIGNAL_EXIT
  --> Pipeline Funnel : Ghost=2 | Promoted=0 | Live=0
------------------------------------------------------------

[Dynamic Rebalance @ 2026-05-28 | Progress:  86.2% (431/500)] Cause: SIGNAL_ENTRY
  --> Pipeline Funnel : Ghost=2 | Promoted=1 | Live=1
  --> SLSQP Metrics   : Eff Gross=0.44 | Port Vol=0.0535 | SPY Overlay=23.6%
  --> Top Allocations :
      [OVERRIDE] XYZ/TROW | W_A: -20.0% | W_B: 19.2% | Inno Z: 0.88 | ECDF: 0.95 | Alpha: 1.4742
------------------------------------------------------------

[Dynamic Rebalance @ 2026-06-02 | Progress:  86.8% (434/500)] Cause: SIGNAL_EXIT
  --> Pipeline Funnel : Ghost=2 | Promoted=0 | Live=0
------------------------------------------------------------

[Dynamic Rebalance @ 2026-06-03 | Progress:  87.0% (435/500)] Cause: SIGNAL_ENTRY
  --> Pipeline Funnel : Ghost=2 | Promoted=1 | Live=1
  --> SLSQP Metrics   : Eff Gross=0.55 | Port Vol=0.0483 | SPY Overlay=-30.0%
  --> Top Allocations :
      [BASE] XYZ/TROW | W_A: 25.0% | W_B: -23.9% | Inno Z: -1.01 | ECDF: 0.98 | Alpha: 1.8924
------------------------------------------------------------

[Dynamic Rebalance @ 2026-06-08 | Progress:  87.6% (438/500)] Cause: SIGNAL_EXIT
  --> Pipeline Funnel : Ghost=4 | Promoted=0 | Live=0
------------------------------------------------------------

[Dynamic Rebalance @ 2026-06-24 | Progress:  89.8% (449/500)] Cause: SIGNAL_ENTRY
  --> Pipeline Funnel : Ghost=7 | Promoted=1 | Live=1
  --> SLSQP Metrics   : Eff Gross=0.53 | Port Vol=0.0952 | SPY Overlay=17.9%
  --> Top Allocations :
      [BASE] BAX/PFE | W_A: -35.0% | W_B: 14.6% | Inno Z: 1.27 | ECDF: 1.00 | Alpha: 1.7896
------------------------------------------------------------

[Dynamic Rebalance @ 2026-06-25 | Progress:  90.0% (450/500)] Cause: SIGNAL_ENTRY
  --> Pipeline Funnel : Ghost=7 | Promoted=1 | Live=2
  --> SLSQP Metrics   : Eff Gross=0.85 | Port Vol=0.1048 | SPY Overlay=25.3%
  --> Top Allocations :
      [BASE] BAX/PFE | W_A: -35.0% | W_B: 14.7% | Inno Z: 1.27 | ECDF: 0.95 | Alpha: 1.3807
      [BASE] MSCI/TROW | W_A: 24.6% | W_B: -16.3% | Inno Z: -1.03 | ECDF: 1.00 | Alpha: 0.7488
------------------------------------------------------------

[Dynamic Rebalance @ 2026-07-01 | Progress:  90.8% (454/500)] Cause: SIGNAL_EXIT
  --> Pipeline Funnel : Ghost=3 | Promoted=0 | Live=0
------------------------------------------------------------

[Dynamic Rebalance @ 2026-07-27 | Progress:  94.2% (471/500)] Cause: SIGNAL_ENTRY
  --> Pipeline Funnel : Ghost=6 | Promoted=1 | Live=1
  --> SLSQP Metrics   : Eff Gross=0.27 | Port Vol=0.0326 | SPY Overlay=6.7%
  --> Top Allocations :
      [OVERRIDE] CBRE/PLD | W_A: -20.0% | W_B: 15.1% | Inno Z: 0.55 | ECDF: 0.95 | Alpha: 0.8413
------------------------------------------------------------

[Dynamic Rebalance @ 2026-07-29 | Progress:  94.6% (473/500)] Cause: SIGNAL_ENTRY
  --> Pipeline Funnel : Ghost=6 | Promoted=1 | Live=2
  --> SLSQP Metrics   : Eff Gross=0.38 | Port Vol=0.0341 | SPY Overlay=-2.8%
  --> Top Allocations :
      [OVERRIDE] CBRE/PLD | W_A: -20.0% | W_B: 15.2% | Inno Z: 0.55 | ECDF: 0.76 | Alpha: 1.0928
      [OVERRIDE] ETR/PEG | W_A: 15.0% | W_B: -13.4% | Inno Z: -0.51 | ECDF: 1.00 | Alpha: 0.6592
------------------------------------------------------------

[Dynamic Rebalance @ 2026-07-31 | Progress:  95.0% (475/500)] Cause: SIGNAL_EXIT
  --> Pipeline Funnel : Ghost=5 | Promoted=0 | Live=0
------------------------------------------------------------

[Dynamic Rebalance @ 2026-08-05 | Progress:  95.6% (478/500)] Cause: SIGNAL_ENTRY
  --> Pipeline Funnel : Ghost=5 | Promoted=1 | Live=1
  --> SLSQP Metrics   : Eff Gross=0.56 | Port Vol=0.0787 | SPY Overlay=20.6%
  --> Top Allocations :
      [BASE] CCI/WY | W_A: 35.0% | W_B: -15.7% | Inno Z: -0.98 | ECDF: 0.97 | Alpha: 0.6927
------------------------------------------------------------

[Dynamic Rebalance @ 2026-08-06 | Progress:  95.8% (479/500)] Cause: SIGNAL_ENTRY
  --> Pipeline Funnel : Ghost=5 | Promoted=1 | Live=1
  --> SLSQP Metrics   : Eff Gross=0.28 | Port Vol=0.0414 | SPY Overlay=-8.4%
  --> Top Allocations :
      [OVERRIDE] XYZ/TROW | W_A: 20.0% | W_B: -18.9% | Inno Z: -0.79 | ECDF: 0.92 | Alpha: 1.0717
------------------------------------------------------------

[Dynamic Rebalance @ 2026-08-12 | Progress:  96.6% (483/500)] Cause: SIGNAL_EXIT
  --> Pipeline Funnel : Ghost=5 | Promoted=0 | Live=0
------------------------------------------------------------

=====================================================================================
FUNNEL CONVERSION ATTRIBUTION & MARGINAL PERFORMANCE REPORT
=====================================================================================
  Funnel Tier / Portfolio Stage          | Ann. Return [%]    | Sortino Ratio     
-------------------------------------------------------------------------------------
  Ghost Portfolio (Raw Universe)         |              6.89% |             1.1676
  Promoted Portfolio (Parametric Gated)  |               nan% |            -0.0666
  Live Portfolio (SLSQP Optimized)       |              5.15% |             1.0484
-------------------------------------------------------------------------------------
  --> Parametric Selection Delta         |              +nan% |            -1.2342
  --> Optimizer Allocation Delta         |              +nan% |            +1.1149
=====================================================================================

=====================================================================================
QUANTITATIVE MARKET NEUTRALITY & FACTOR DIAGNOSTIC AUDIT
=====================================================================================
                    Metric  Value Threshold Status
          Annualized Alpha  4.91%       N/A   INFO
         Market Beta (β_m) 0.0091  < |0.01|   PASS
              Beta p-value 0.3936   >= 0.05   PASS
          Beta t-statistic 0.8538  < |1.96|   PASS
   Variance Explained (R²)  0.15%    < 0.5%   PASS
Bull Market Beta (R_m > 0) 0.0086  < |0.01|   PASS
Bear Market Beta (R_m < 0) 0.0109  < |0.01|   FAIL
-------------------------------------------------------------------------------------
  VERDICT: Market Neutral = FALSE | Failures: Bear Market Beta (R_m < 0)
=====================================================================================

=====================================================================================
INVESTMENT COMMITTEE PAIR REVIEW TEARSHEET (ATTRIBUTED BY REGIME)
=====================================================================================
Strategy_Origin   Pair_Legs  Total_Return_[%]  Sharpe_Ratio  Sortino_Ratio  Max_DD_[%]  Win_Rate_[%]  Total_Trades
           BASE     ES / FE          1.188832      0.936130       1.828122    0.010249     50.000000             6
           BASE    EXC / NI          0.291051      0.487322       0.562102    0.008196    100.000000             2
           BASE    CCI / WY          0.217460      0.483341       0.435199    0.007909     50.000000             2
           BASE    ATO / NI          0.143295      0.482033       0.404973    0.005601    100.000000             2
           BASE DELL / SMCI          1.410195      0.459509       0.110337    0.366671     75.000000             4
           BASE MSCI / TROW          0.870908      0.452627       0.041523    0.476322     57.142857             7
           BASE ANET / SMCI          1.368997      0.416722       0.122186    0.251439    100.000000             3
           BASE AVGO / SMCI          0.283366      0.291971       0.057022    0.126149    100.000000             2
           BASE AVGO / KLAC          0.473369      0.127750       0.011683    1.479165     25.000000             8
           BASE AVGO / NVDA         -0.302355     -0.087947      -0.011466    1.101155     33.333333            12
           BASE   CRL / MTD         -0.072931     -0.194140      -0.010107    0.169207     33.333333             3
           BASE   BAX / PFE         -1.305855     -0.307003      -0.029317    2.007431     50.000000            10
           BASE     D / SRE         -0.388145     -0.341586      -0.030552    0.548787     36.363636            11
           BASE     D / ETR         -0.185572     -0.590698      -0.032299    0.185572      0.000000             2
           BASE  IVZ / PYPL         -0.248983     -0.717548      -0.039222    0.248983     25.000000             4
       OVERRIDE INCY / RVTY          0.592801      0.832027       2.127760    0.004401     60.000000             5
       OVERRIDE  XYZ / TROW          3.903005      0.772324       0.154766    0.758216     58.333333            12
       OVERRIDE   ETR / PEG          0.155954      0.680407       0.544675    0.004530     50.000000             2
       OVERRIDE  INVH / KIM          0.590703      0.673827       0.078592    0.167937     50.000000             8
       OVERRIDE  ADI / MPWR          0.388284      0.647672       2.360806    0.002601    100.000000             3
       OVERRIDE    DTE / FE          0.229947      0.628397       0.837171    0.004345     75.000000             4
       OVERRIDE   HRL / KDP          0.339919      0.599925       1.225073    0.004389    100.000000             2
       OVERRIDE ANET / NVDA          1.566276      0.530509       8.178188    0.003029     60.000000             5
       OVERRIDE  PFE / RVTY          0.163185      0.489299       0.656533    0.003934     50.000000             2
       OVERRIDE    AWK / SO          0.215331      0.449474       0.146791    0.032802     50.000000             2
       OVERRIDE   AMP / MET          0.110828      0.303504       0.043387    0.056898     50.000000             2
       OVERRIDE   AEE / ETR          0.112031      0.248798       0.028851    0.131872     50.000000             8
       OVERRIDE  FITB / TFC          0.078746      0.173507       0.020887    0.157510     50.000000             8
       OVERRIDE   COF / WFC          0.145501      0.098004       0.012458    0.681062     55.555556             9
       OVERRIDE   BAC / CFG          0.012098      0.016557       0.001583    0.196564     33.333333             3
       OVERRIDE   COP / MPC         -0.412371     -0.361549      -0.022938    0.412371     50.000000             6
       OVERRIDE   LUV / UAL         -0.319914     -0.369153      -0.021855    0.547396     28.571429             7
       OVERRIDE   CEG / VST         -0.693845     -0.538253      -0.039501    0.863520     12.500000             8
       OVERRIDE  CBRE / PLD         -0.512281     -0.564685      -0.039222    0.512281      0.000000             4
       OVERRIDE  CCI / VICI         -0.028024     -0.574629      -0.025656    0.028024     50.000000             2
       OVERRIDE   AMT / KIM         -1.746537     -0.598440      -0.054182    1.978072     33.333333            12
       OVERRIDE  INVH / UDR         -0.074743     -0.643266      -0.035169    0.074743     50.000000             4
       OVERRIDE  HBAN / SYF         -0.580239     -0.708112      -0.038708    0.580239      0.000000             3

=====================================================================================
WALK-FORWARD NET PORTFOLIO STATS (POST-FEES & EXECUTION LAG)
=====================================================================================
Start                         2024-09-09 00:00:00
End                           2026-09-04 00:00:00
Period                                        500
Start Value                              250000.0
End Value                           276352.477156
Total Return [%]                        10.540991
Benchmark Return [%]                    57.596452
Max Gross Exposure [%]                  117.13016
Total Fees Paid                       1770.941592
Max Drawdown [%]                           2.6882
Max Drawdown Duration                       267.0
Total Trades                                  164
Total Closed Trades                           164
Total Open Trades                               0
Open Trade PnL                                0.0
Win Rate [%]                            46.341463
Best Trade [%]                          14.818782
Worst Trade [%]                         -8.533956
Avg Winning Trade [%]                    2.562057
Avg Losing Trade [%]                    -2.038619
Avg Winning Trade Duration               2.921053
Avg Losing Trade Duration                3.284091
Profit Factor                            1.457624
Expectancy                             160.685836

=====================================================================================
ACTIONABLE MARKET-ON-OPEN (MOO) ORDER BLOTTER FOR NEXT SESSION
=====================================================================================
Empty DataFrame
Columns: [Ticker, Action, Order_Type, Delta_Shares, Target_Shares, Current_Shares, Est_Order_USD, Target_Weight_%, ADV_Participation_%, Price_Ref]
Index: []

>>> min_override_z=0.5: too_low: 5.15%

=====================================================================================
TUNING RUN: min_override_z=0.6
=====================================================================================
=====================================================================================
STARTING ROBUST STAT-ARB ENGINE (NOISE-FILTERED OVERRIDE)
=====================================================================================
[Pipeline Info] 'SPY' ticker detected. Using real SPY price series for CAPM benchmark.
[DAG Pre-Compute] Initializing Vectorized Matrix Space...
[DAG Pre-Compute] Processing 1570 Sector-Matched Residual Pairs...
[DAG Pre-Compute] Completed successfully. Executing Portfolio Routing Loop.
[Friction Engine] Goldilocks absolute minimum alpha floor calibrated to 0.66%

[Dynamic Rebalance @ 2024-09-09 | Progress:   0.2% (1/500)] Cause: INITIAL_ENTRY
  --> Pipeline Funnel : Ghost=4 | Promoted=0 | Live=0
------------------------------------------------------------

[Dynamic Rebalance @ 2024-09-26 | Progress:   2.8% (14/500)] Cause: SIGNAL_ENTRY
  --> Pipeline Funnel : Ghost=4 | Promoted=1 | Live=1
  --> SLSQP Metrics   : Eff Gross=0.55 | Port Vol=0.0916 | SPY Overlay=30.0%
  --> Top Allocations :
      [BASE] AVGO/SMCI | W_A: -25.0% | W_B: 9.9% | Inno Z: 1.23 | ECDF: 0.97 | Alpha: 2.1921
------------------------------------------------------------

[Dynamic Rebalance @ 2024-10-01 | Progress:   3.4% (17/500)] Cause: SIGNAL_EXIT
  --> Pipeline Funnel : Ghost=8 | Promoted=0 | Live=0
------------------------------------------------------------

[Dynamic Rebalance @ 2024-10-15 | Progress:   5.4% (27/500)] Cause: SIGNAL_ENTRY
  --> Pipeline Funnel : Ghost=4 | Promoted=1 | Live=1
  --> SLSQP Metrics   : Eff Gross=0.54 | Port Vol=0.0658 | SPY Overlay=-18.7%
  --> Top Allocations :
      [BASE] AVGO/KLAC | W_A: -35.0% | W_B: 29.6% | Inno Z: 1.53 | ECDF: 1.00 | Alpha: 2.6873
------------------------------------------------------------

[Dynamic Rebalance @ 2024-10-17 | Progress:   5.8% (29/500)] Cause: SIGNAL_ENTRY
  --> Pipeline Funnel : Ghost=5 | Promoted=1 | Live=2
  --> SLSQP Metrics   : Eff Gross=0.66 | Port Vol=0.0722 | SPY Overlay=-18.7%
  --> Top Allocations :
      [BASE] AVGO/KLAC | W_A: -33.5% | W_B: 28.5% | Inno Z: 1.53 | ECDF: 0.94 | Alpha: 1.3541
      [OVERRIDE] FITB/TFC | W_A: -13.8% | W_B: 12.0% | Inno Z: 0.69 | ECDF: 1.00 | Alpha: 0.7170
------------------------------------------------------------

[Dynamic Rebalance @ 2024-10-25 | Progress:   7.0% (35/500)] Cause: SIGNAL_EXIT
  --> Pipeline Funnel : Ghost=6 | Promoted=0 | Live=0
------------------------------------------------------------

[Dynamic Rebalance @ 2024-10-29 | Progress:   7.4% (37/500)] Cause: SIGNAL_ENTRY
  --> Pipeline Funnel : Ghost=6 | Promoted=1 | Live=1
  --> SLSQP Metrics   : Eff Gross=0.41 | Port Vol=0.0233 | SPY Overlay=20.7%
  --> Top Allocations :
      [OVERRIDE] AMT/KIM | W_A: 20.0% | W_B: -14.7% | Inno Z: -0.79 | ECDF: 0.98 | Alpha: 0.9462
------------------------------------------------------------

[Dynamic Rebalance @ 2024-10-31 | Progress:   7.8% (39/500)] Cause: SIGNAL_ENTRY
  --> Pipeline Funnel : Ghost=7 | Promoted=2 | Live=3
  --> SLSQP Metrics   : Eff Gross=0.64 | Port Vol=0.0207 | SPY Overlay=-30.0%
  --> Top Allocations :
      [BASE] D/ETR | W_A: 17.1% | W_B: -12.8% | Inno Z: -1.70 | ECDF: 1.00 | Alpha: 3.8541
      [OVERRIDE] ADI/MPWR | W_A: -13.1% | W_B: 6.9% | Inno Z: 0.85 | ECDF: 1.00 | Alpha: 2.0043
      [OVERRIDE] AMT/KIM | W_A: 3.4% | W_B: -2.5% | Inno Z: -0.79 | ECDF: 0.03 | Alpha: 0.0991
------------------------------------------------------------

[Dynamic Rebalance @ 2024-11-04 | Progress:   8.2% (41/500)] Cause: SIGNAL_EXIT
  --> Pipeline Funnel : Ghost=0 | Promoted=0 | Live=1
  --> SLSQP Metrics   : Eff Gross=0.37 | Port Vol=0.0229 | SPY Overlay=17.2%
  --> Top Allocations :
      [OVERRIDE] AMT/KIM | W_A: 20.0% | W_B: -14.5% | Inno Z: -0.79 | ECDF: 0.70 | Alpha: 0.2308
------------------------------------------------------------

[Dynamic Rebalance @ 2024-11-05 | Progress:   8.4% (42/500)] Cause: SIGNAL_EXIT
  --> Pipeline Funnel : Ghost=2 | Promoted=0 | Live=0
------------------------------------------------------------

[Dynamic Rebalance @ 2024-11-06 | Progress:   8.6% (43/500)] Cause: SIGNAL_ENTRY
  --> Pipeline Funnel : Ghost=4 | Promoted=2 | Live=2
  --> SLSQP Metrics   : Eff Gross=0.55 | Port Vol=0.0188 | SPY Overlay=30.0%
  --> Top Allocations :
      [BASE] D/SRE | W_A: 13.0% | W_B: -10.7% | Inno Z: -1.44 | ECDF: 1.00 | Alpha: 2.6301
      [BASE] AMT/KIM | W_A: 12.0% | W_B: -8.6% | Inno Z: -1.42 | ECDF: 1.00 | Alpha: 1.9462
------------------------------------------------------------

[Dynamic Rebalance @ 2024-11-07 | Progress:   8.8% (44/500)] Cause: SIGNAL_ENTRY
  --> Pipeline Funnel : Ghost=3 | Promoted=1 | Live=3
  --> SLSQP Metrics   : Eff Gross=0.64 | Port Vol=0.0265 | SPY Overlay=30.0%
  --> Top Allocations :
      [BASE] AMT/KIM | W_A: 14.1% | W_B: -9.9% | Inno Z: -1.42 | ECDF: 0.97 | Alpha: 0.7889
      [OVERRIDE] DTE/FE | W_A: 14.1% | W_B: -13.1% | Inno Z: -0.74 | ECDF: 1.00 | Alpha: 1.1191
      [BASE] D/SRE | W_A: 5.7% | W_B: -4.6% | Inno Z: -1.44 | ECDF: 0.98 | Alpha: 0.3180
------------------------------------------------------------

[Dynamic Rebalance @ 2024-11-08 | Progress:   9.0% (45/500)] Cause: SIGNAL_EXIT
  --> Pipeline Funnel : Ghost=3 | Promoted=0 | Live=2
  --> SLSQP Metrics   : Eff Gross=0.60 | Port Vol=0.0281 | SPY Overlay=30.0%
  --> Top Allocations :
      [BASE] D/SRE | W_A: 22.0% | W_B: -17.7% | Inno Z: -1.44 | ECDF: 0.48 | Alpha: 0.2159
      [OVERRIDE] DTE/FE | W_A: 8.3% | W_B: -7.7% | Inno Z: -0.74 | ECDF: 0.92 | Alpha: 0.0988
------------------------------------------------------------

[Dynamic Rebalance @ 2024-11-11 | Progress:   9.2% (46/500)] Cause: SIGNAL_EXIT
  --> Pipeline Funnel : Ghost=4 | Promoted=1 | Live=2
  --> SLSQP Metrics   : Eff Gross=0.55 | Port Vol=0.0285 | SPY Overlay=30.0%
  --> Top Allocations :
      [OVERRIDE] AMT/KIM | W_A: 12.9% | W_B: -9.0% | Inno Z: -0.63 | ECDF: 0.94 | Alpha: 0.7213
      [BASE] D/SRE | W_A: 12.1% | W_B: -9.7% | Inno Z: -1.44 | ECDF: 0.29 | Alpha: 0.2613
------------------------------------------------------------

[Dynamic Rebalance @ 2024-11-13 | Progress:   9.6% (48/500)] Cause: SIGNAL_EXIT
  --> Pipeline Funnel : Ghost=3 | Promoted=0 | Live=1
  --> SLSQP Metrics   : Eff Gross=0.55 | Port Vol=0.0304 | SPY Overlay=30.0%
  --> Top Allocations :
      [BASE] D/SRE | W_A: 25.0% | W_B: -20.0% | Inno Z: -1.44 | ECDF: 0.87 | Alpha: 0.0097
------------------------------------------------------------

[Dynamic Rebalance @ 2024-11-22 | Progress:  11.0% (55/500)] Cause: SIGNAL_EXIT
  --> Pipeline Funnel : Ghost=2 | Promoted=0 | Live=0
------------------------------------------------------------

[Dynamic Rebalance @ 2025-01-27 | Progress:  19.2% (96/500)] Cause: SIGNAL_ENTRY
  --> Pipeline Funnel : Ghost=5 | Promoted=2 | Live=2
  --> SLSQP Metrics   : Eff Gross=0.77 | Port Vol=0.0272 | SPY Overlay=-30.0%
  --> Top Allocations :
      [BASE] EXC/NI | W_A: -28.6% | W_B: 22.3% | Inno Z: 1.13 | ECDF: 1.00 | Alpha: 1.7885
      [BASE] ATO/NI | W_A: -18.8% | W_B: 16.1% | Inno Z: 0.95 | ECDF: 1.00 | Alpha: 0.8759
------------------------------------------------------------

[Dynamic Rebalance @ 2025-01-28 | Progress:  19.4% (97/500)] Cause: SIGNAL_ENTRY
  --> Pipeline Funnel : Ghost=5 | Promoted=1 | Live=1
  --> SLSQP Metrics   : Eff Gross=0.41 | Port Vol=0.0310 | SPY Overlay=22.1%
  --> Top Allocations :
      [BASE] IVZ/PYPL | W_A: -18.5% | W_B: 8.6% | Inno Z: 1.57 | ECDF: 1.00 | Alpha: 3.0354
------------------------------------------------------------

[Dynamic Rebalance @ 2025-01-30 | Progress:  19.8% (99/500)] Cause: SIGNAL_EXIT
  --> Pipeline Funnel : Ghost=3 | Promoted=0 | Live=0
------------------------------------------------------------

[Dynamic Rebalance @ 2025-03-04 | Progress:  24.2% (121/500)] Cause: SIGNAL_ENTRY
  --> Pipeline Funnel : Ghost=1 | Promoted=1 | Live=1
  --> SLSQP Metrics   : Eff Gross=0.31 | Port Vol=0.0172 | SPY Overlay=-11.3%
  --> Top Allocations :
      [OVERRIDE] BAC/CFG | W_A: 20.0% | W_B: -12.9% | Inno Z: -0.73 | ECDF: 1.00 | Alpha: 0.9144
------------------------------------------------------------

[Dynamic Rebalance @ 2025-03-07 | Progress:  24.8% (124/500)] Cause: SIGNAL_EXIT
  --> Pipeline Funnel : Ghost=1 | Promoted=0 | Live=0
------------------------------------------------------------

[Dynamic Rebalance @ 2025-04-04 | Progress:  28.8% (144/500)] Cause: SIGNAL_ENTRY
  --> Pipeline Funnel : Ghost=3 | Promoted=1 | Live=1
  --> SLSQP Metrics   : Eff Gross=0.31 | Port Vol=0.0277 | SPY Overlay=-11.3%
  --> Top Allocations :
      [OVERRIDE] COP/MPC | W_A: 20.0% | W_B: -13.6% | Inno Z: -0.94 | ECDF: 1.00 | Alpha: 0.8957
------------------------------------------------------------

[Dynamic Rebalance @ 2025-04-07 | Progress:  29.0% (145/500)] Cause: SIGNAL_ENTRY
  --> Pipeline Funnel : Ghost=2 | Promoted=1 | Live=2
  --> SLSQP Metrics   : Eff Gross=0.33 | Port Vol=0.0283 | SPY Overlay=-4.1%
  --> Top Allocations :
      [OVERRIDE] INVH/KIM | W_A: 20.0% | W_B: -11.5% | Inno Z: -0.67 | ECDF: 0.98 | Alpha: 0.7924
      [OVERRIDE] COP/MPC | W_A: 8.6% | W_B: -5.8% | Inno Z: -0.94 | ECDF: 0.90 | Alpha: 0.2167
------------------------------------------------------------

[Dynamic Rebalance @ 2025-04-09 | Progress:  29.4% (147/500)] Cause: SIGNAL_EXIT
  --> Pipeline Funnel : Ghost=1 | Promoted=0 | Live=1
  --> SLSQP Metrics   : Eff Gross=0.22 | Port Vol=0.0256 | SPY Overlay=-1.5%
  --> Top Allocations :
      [OVERRIDE] INVH/KIM | W_A: 20.0% | W_B: -11.5% | Inno Z: -0.67 | ECDF: 0.02 | Alpha: 0.2555
------------------------------------------------------------

[Dynamic Rebalance @ 2025-04-14 | Progress:  30.0% (150/500)] Cause: SIGNAL_EXIT
  --> Pipeline Funnel : Ghost=1 | Promoted=0 | Live=0
------------------------------------------------------------

[Dynamic Rebalance @ 2025-11-19 | Progress:  60.4% (302/500)] Cause: SIGNAL_ENTRY
  --> Pipeline Funnel : Ghost=3 | Promoted=1 | Live=1
  --> SLSQP Metrics   : Eff Gross=0.51 | Port Vol=0.0403 | SPY Overlay=15.8%
  --> Top Allocations :
      [BASE] ES/FE | W_A: 35.0% | W_B: -29.4% | Inno Z: -2.19 | ECDF: 1.00 | Alpha: 3.7258
------------------------------------------------------------

[Dynamic Rebalance @ 2025-11-25 | Progress:  61.2% (306/500)] Cause: SIGNAL_EXIT
  --> Pipeline Funnel : Ghost=1 | Promoted=0 | Live=0
------------------------------------------------------------

[Dynamic Rebalance @ 2025-12-12 | Progress:  63.6% (318/500)] Cause: SIGNAL_ENTRY
  --> Pipeline Funnel : Ghost=7 | Promoted=1 | Live=1
  --> SLSQP Metrics   : Eff Gross=0.55 | Port Vol=0.0565 | SPY Overlay=-30.0%
  --> Top Allocations :
      [BASE] AVGO/NVDA | W_A: 25.0% | W_B: -17.3% | Inno Z: -1.45 | ECDF: 1.00 | Alpha: 3.4697
------------------------------------------------------------

[Dynamic Rebalance @ 2025-12-16 | Progress:  64.0% (320/500)] Cause: SIGNAL_EXIT
  --> Pipeline Funnel : Ghost=6 | Promoted=0 | Live=0
------------------------------------------------------------

[Dynamic Rebalance @ 2026-01-16 | Progress:  68.2% (341/500)] Cause: SIGNAL_ENTRY
  --> Pipeline Funnel : Ghost=4 | Promoted=1 | Live=1
  --> SLSQP Metrics   : Eff Gross=0.30 | Port Vol=0.0314 | SPY Overlay=-10.3%
  --> Top Allocations :
      [OVERRIDE] CEG/VST | W_A: 20.0% | W_B: -13.8% | Inno Z: -0.77 | ECDF: 0.98 | Alpha: 1.4780
------------------------------------------------------------

[Dynamic Rebalance @ 2026-01-22 | Progress:  68.8% (344/500)] Cause: SIGNAL_EXIT
  --> Pipeline Funnel : Ghost=5 | Promoted=0 | Live=0
------------------------------------------------------------

[Dynamic Rebalance @ 2026-02-12 | Progress:  71.8% (359/500)] Cause: SIGNAL_ENTRY
  --> Pipeline Funnel : Ghost=7 | Promoted=1 | Live=1
  --> SLSQP Metrics   : Eff Gross=0.55 | Port Vol=0.0536 | SPY Overlay=-30.0%
  --> Top Allocations :
      [BASE] XYZ/TROW | W_A: 25.0% | W_B: -22.8% | Inno Z: -1.50 | ECDF: 1.00 | Alpha: 2.3854
------------------------------------------------------------

[Dynamic Rebalance @ 2026-02-17 | Progress:  72.2% (361/500)] Cause: SIGNAL_EXIT

[Dynamic Rebalance @ 2026-02-23 | Progress:  73.0% (365/500)] Cause: SIGNAL_ENTRY
  --> Pipeline Funnel : Ghost=4 | Promoted=1 | Live=1
  --> SLSQP Metrics   : Eff Gross=0.41 | Port Vol=0.0296 | SPY Overlay=-20.7%
  --> Top Allocations :
      [OVERRIDE] COF/WFC | W_A: 20.0% | W_B: -17.6% | Inno Z: -0.90 | ECDF: 0.97 | Alpha: 0.8874
------------------------------------------------------------

[Dynamic Rebalance @ 2026-02-27 | Progress:  73.8% (369/500)] Cause: SIGNAL_ENTRY
  --> Pipeline Funnel : Ghost=4 | Promoted=1 | Live=2
  --> SLSQP Metrics   : Eff Gross=0.51 | Port Vol=0.1010 | SPY Overlay=11.4%
  --> Top Allocations :
      [BASE] DELL/SMCI | W_A: -35.0% | W_B: 12.2% | Inno Z: 3.61 | ECDF: 1.00 | Alpha: 6.5882
      [OVERRIDE] COF/WFC | W_A: 5.0% | W_B: -4.5% | Inno Z: -0.90 | ECDF: 0.30 | Alpha: 0.9427
------------------------------------------------------------

[Dynamic Rebalance @ 2026-03-05 | Progress:  74.6% (373/500)] Cause: SIGNAL_EXIT
  --> Pipeline Funnel : Ghost=3 | Promoted=0 | Live=0
------------------------------------------------------------

[Dynamic Rebalance @ 2026-03-06 | Progress:  74.8% (374/500)] Cause: SIGNAL_ENTRY
  --> Pipeline Funnel : Ghost=3 | Promoted=1 | Live=1
  --> SLSQP Metrics   : Eff Gross=0.55 | Port Vol=0.0821 | SPY Overlay=-30.0%
  --> Top Allocations :
      [BASE] BAX/PFE | W_A: 25.0% | W_B: -9.1% | Inno Z: -1.25 | ECDF: 0.97 | Alpha: 1.2699
------------------------------------------------------------

[Dynamic Rebalance @ 2026-03-11 | Progress:  75.4% (377/500)] Cause: SIGNAL_EXIT
  --> Pipeline Funnel : Ghost=3 | Promoted=0 | Live=0
------------------------------------------------------------

[Dynamic Rebalance @ 2026-03-20 | Progress:  76.8% (384/500)] Cause: SIGNAL_ENTRY
  --> Pipeline Funnel : Ghost=4 | Promoted=1 | Live=1
  --> SLSQP Metrics   : Eff Gross=0.35 | Port Vol=0.1342 | SPY Overlay=-0.5%
  --> Top Allocations :
      [BASE] ANET/SMCI | W_A: -35.0% | W_B: 10.8% | Inno Z: 1.83 | ECDF: 0.98 | Alpha: 1.6653
------------------------------------------------------------

[Dynamic Rebalance @ 2026-03-24 | Progress:  77.2% (386/500)] Cause: SIGNAL_EXIT
  --> Pipeline Funnel : Ghost=3 | Promoted=0 | Live=0
------------------------------------------------------------

[Dynamic Rebalance @ 2026-03-27 | Progress:  77.8% (389/500)] Cause: SIGNAL_ENTRY
  --> Pipeline Funnel : Ghost=5 | Promoted=1 | Live=1
  --> SLSQP Metrics   : Eff Gross=0.26 | Port Vol=0.0108 | SPY Overlay=-6.2%
  --> Top Allocations :
      [OVERRIDE] AEE/ETR | W_A: 20.0% | W_B: -14.2% | Inno Z: -0.71 | ECDF: 1.00 | Alpha: 0.8152
------------------------------------------------------------

[Dynamic Rebalance @ 2026-04-07 | Progress:  79.0% (395/500)] Cause: SIGNAL_EXIT
  --> Pipeline Funnel : Ghost=3 | Promoted=0 | Live=0
------------------------------------------------------------

[Dynamic Rebalance @ 2026-04-09 | Progress:  79.4% (397/500)] Cause: SIGNAL_ENTRY
  --> Pipeline Funnel : Ghost=3 | Promoted=1 | Live=1
  --> SLSQP Metrics   : Eff Gross=0.23 | Port Vol=0.0340 | SPY Overlay=2.7%
  --> Top Allocations :
      [OVERRIDE] HRL/KDP | W_A: 20.0% | W_B: -8.2% | Inno Z: -0.66 | ECDF: 0.95 | Alpha: 1.0181
------------------------------------------------------------

[Dynamic Rebalance @ 2026-04-13 | Progress:  79.8% (399/500)] Cause: SIGNAL_EXIT
  --> Pipeline Funnel : Ghost=3 | Promoted=0 | Live=0
------------------------------------------------------------

[Dynamic Rebalance @ 2026-04-24 | Progress:  81.6% (408/500)] Cause: SIGNAL_ENTRY
  --> Pipeline Funnel : Ghost=7 | Promoted=1 | Live=1
  --> SLSQP Metrics   : Eff Gross=0.23 | Port Vol=0.0394 | SPY Overlay=3.0%
  --> Top Allocations :
      [OVERRIDE] CEG/VST | W_A: -20.0% | W_B: 14.0% | Inno Z: 0.61 | ECDF: 0.95 | Alpha: 0.8943
------------------------------------------------------------

[Dynamic Rebalance @ 2026-04-28 | Progress:  82.0% (410/500)] Cause: SIGNAL_EXIT
  --> Pipeline Funnel : Ghost=7 | Promoted=0 | Live=0
------------------------------------------------------------

[Dynamic Rebalance @ 2026-04-30 | Progress:  82.4% (412/500)] Cause: SIGNAL_ENTRY
  --> Pipeline Funnel : Ghost=7 | Promoted=3 | Live=3
  --> SLSQP Metrics   : Eff Gross=0.58 | Port Vol=0.0495 | SPY Overlay=30.0%
  --> Top Allocations :
      [BASE] AVGO/NVDA | W_A: -11.4% | W_B: 7.9% | Inno Z: 0.96 | ECDF: 1.00 | Alpha: 1.7295
      [OVERRIDE] ANET/NVDA | W_A: -11.4% | W_B: 7.3% | Inno Z: 0.85 | ECDF: 0.95 | Alpha: 1.6252
      [OVERRIDE] AWK/SO | W_A: 5.5% | W_B: -4.7% | Inno Z: -0.90 | ECDF: 1.00 | Alpha: 0.7638
------------------------------------------------------------

[Dynamic Rebalance @ 2026-05-04 | Progress:  82.8% (414/500)] Cause: SIGNAL_ENTRY
  --> Pipeline Funnel : Ghost=4 | Promoted=1 | Live=4
  --> SLSQP Metrics   : Eff Gross=0.73 | Port Vol=0.0483 | SPY Overlay=30.0%
  --> Top Allocations :
      [OVERRIDE] AWK/SO | W_A: 13.2% | W_B: -11.2% | Inno Z: -0.90 | ECDF: 0.32 | Alpha: 0.1333
      [OVERRIDE] CCI/VICI | W_A: -13.2% | W_B: 11.0% | Inno Z: 0.65 | ECDF: 0.90 | Alpha: 0.9371
      [OVERRIDE] ANET/NVDA | W_A: -8.6% | W_B: 5.5% | Inno Z: 0.85 | ECDF: 0.06 | Alpha: 0.0642
------------------------------------------------------------

[Dynamic Rebalance @ 2026-05-05 | Progress:  83.0% (415/500)] Cause: SIGNAL_EXIT
  --> Pipeline Funnel : Ghost=3 | Promoted=0 | Live=1
  --> SLSQP Metrics   : Eff Gross=0.55 | Port Vol=0.0507 | SPY Overlay=30.0%
  --> Top Allocations :
      [BASE] AVGO/NVDA | W_A: -25.0% | W_B: 17.6% | Inno Z: 0.96 | ECDF: 0.84 | Alpha: 0.6736
------------------------------------------------------------

[Dynamic Rebalance @ 2026-05-07 | Progress:  83.4% (417/500)] Cause: SIGNAL_EXIT
  --> Pipeline Funnel : Ghost=3 | Promoted=0 | Live=0
------------------------------------------------------------

[Dynamic Rebalance @ 2026-05-08 | Progress:  83.6% (418/500)] Cause: SIGNAL_ENTRY
  --> Pipeline Funnel : Ghost=3 | Promoted=1 | Live=1
  --> SLSQP Metrics   : Eff Gross=0.60 | Port Vol=0.0794 | SPY Overlay=30.0%
  --> Top Allocations :
      [BASE] CRL/MTD | W_A: -29.8% | W_B: 21.2% | Inno Z: 1.10 | ECDF: 1.00 | Alpha: 3.0387
------------------------------------------------------------

[Dynamic Rebalance @ 2026-05-12 | Progress:  84.0% (420/500)] Cause: SIGNAL_EXIT
  --> Pipeline Funnel : Ghost=2 | Promoted=0 | Live=0
------------------------------------------------------------

[Dynamic Rebalance @ 2026-05-28 | Progress:  86.2% (431/500)] Cause: SIGNAL_ENTRY
  --> Pipeline Funnel : Ghost=2 | Promoted=1 | Live=1
  --> SLSQP Metrics   : Eff Gross=0.44 | Port Vol=0.0535 | SPY Overlay=23.6%
  --> Top Allocations :
      [OVERRIDE] XYZ/TROW | W_A: -20.0% | W_B: 19.2% | Inno Z: 0.88 | ECDF: 0.95 | Alpha: 1.4742
------------------------------------------------------------

[Dynamic Rebalance @ 2026-06-02 | Progress:  86.8% (434/500)] Cause: SIGNAL_EXIT
  --> Pipeline Funnel : Ghost=2 | Promoted=0 | Live=0
------------------------------------------------------------

[Dynamic Rebalance @ 2026-06-03 | Progress:  87.0% (435/500)] Cause: SIGNAL_ENTRY
  --> Pipeline Funnel : Ghost=2 | Promoted=1 | Live=1
  --> SLSQP Metrics   : Eff Gross=0.55 | Port Vol=0.0483 | SPY Overlay=-30.0%
  --> Top Allocations :
      [BASE] XYZ/TROW | W_A: 25.0% | W_B: -23.9% | Inno Z: -1.01 | ECDF: 0.98 | Alpha: 1.8924
------------------------------------------------------------

[Dynamic Rebalance @ 2026-06-08 | Progress:  87.6% (438/500)] Cause: SIGNAL_EXIT
  --> Pipeline Funnel : Ghost=4 | Promoted=0 | Live=0
------------------------------------------------------------

[Dynamic Rebalance @ 2026-06-24 | Progress:  89.8% (449/500)] Cause: SIGNAL_ENTRY
  --> Pipeline Funnel : Ghost=7 | Promoted=1 | Live=1
  --> SLSQP Metrics   : Eff Gross=0.53 | Port Vol=0.0952 | SPY Overlay=17.9%
  --> Top Allocations :
      [BASE] BAX/PFE | W_A: -35.0% | W_B: 14.6% | Inno Z: 1.27 | ECDF: 1.00 | Alpha: 1.7896
------------------------------------------------------------

[Dynamic Rebalance @ 2026-06-25 | Progress:  90.0% (450/500)] Cause: SIGNAL_ENTRY
  --> Pipeline Funnel : Ghost=7 | Promoted=1 | Live=2
  --> SLSQP Metrics   : Eff Gross=0.85 | Port Vol=0.1048 | SPY Overlay=25.3%
  --> Top Allocations :
      [BASE] BAX/PFE | W_A: -35.0% | W_B: 14.7% | Inno Z: 1.27 | ECDF: 0.95 | Alpha: 1.3807
      [BASE] MSCI/TROW | W_A: 24.6% | W_B: -16.3% | Inno Z: -1.03 | ECDF: 1.00 | Alpha: 0.7488
------------------------------------------------------------

[Dynamic Rebalance @ 2026-07-01 | Progress:  90.8% (454/500)] Cause: SIGNAL_EXIT
  --> Pipeline Funnel : Ghost=3 | Promoted=0 | Live=0
------------------------------------------------------------

[Dynamic Rebalance @ 2026-08-05 | Progress:  95.6% (478/500)] Cause: SIGNAL_ENTRY
  --> Pipeline Funnel : Ghost=5 | Promoted=1 | Live=1
  --> SLSQP Metrics   : Eff Gross=0.56 | Port Vol=0.0787 | SPY Overlay=20.6%
  --> Top Allocations :
      [BASE] CCI/WY | W_A: 35.0% | W_B: -15.7% | Inno Z: -0.98 | ECDF: 0.97 | Alpha: 0.6927
------------------------------------------------------------

[Dynamic Rebalance @ 2026-08-06 | Progress:  95.8% (479/500)] Cause: SIGNAL_ENTRY
  --> Pipeline Funnel : Ghost=5 | Promoted=1 | Live=1
  --> SLSQP Metrics   : Eff Gross=0.28 | Port Vol=0.0414 | SPY Overlay=-8.4%
  --> Top Allocations :
      [OVERRIDE] XYZ/TROW | W_A: 20.0% | W_B: -18.9% | Inno Z: -0.79 | ECDF: 0.92 | Alpha: 1.0717
------------------------------------------------------------

[Dynamic Rebalance @ 2026-08-12 | Progress:  96.6% (483/500)] Cause: SIGNAL_EXIT
  --> Pipeline Funnel : Ghost=5 | Promoted=0 | Live=0
------------------------------------------------------------

=====================================================================================
FUNNEL CONVERSION ATTRIBUTION & MARGINAL PERFORMANCE REPORT
=====================================================================================
  Funnel Tier / Portfolio Stage          | Ann. Return [%]    | Sortino Ratio     
-------------------------------------------------------------------------------------
  Ghost Portfolio (Raw Universe)         |               nan% |             1.1179
  Promoted Portfolio (Parametric Gated)  |               nan% |            -0.1493
  Live Portfolio (SLSQP Optimized)       |              5.99% |             1.1320
-------------------------------------------------------------------------------------
  --> Parametric Selection Delta         |              +nan% |            -1.2672
  --> Optimizer Allocation Delta         |              +nan% |            +1.2813
=====================================================================================

=====================================================================================
QUANTITATIVE MARKET NEUTRALITY & FACTOR DIAGNOSTIC AUDIT
=====================================================================================
                    Metric  Value Threshold Status
          Annualized Alpha  5.74%       N/A   INFO
         Market Beta (β_m) 0.0075  < |0.01|   PASS
              Beta p-value 0.4702   >= 0.05   PASS
          Beta t-statistic 0.7228  < |1.96|   PASS
   Variance Explained (R²)  0.10%    < 0.5%   PASS
Bull Market Beta (R_m > 0) 0.0071  < |0.01|   PASS
Bear Market Beta (R_m < 0) 0.0086  < |0.01|   PASS
-------------------------------------------------------------------------------------
  VERDICT: Market Neutral = TRUE | Failures: None
=====================================================================================

=====================================================================================
INVESTMENT COMMITTEE PAIR REVIEW TEARSHEET (ATTRIBUTED BY REGIME)
=====================================================================================
Strategy_Origin   Pair_Legs  Total_Return_[%]  Sharpe_Ratio  Sortino_Ratio  Max_DD_[%]  Win_Rate_[%]  Total_Trades
           BASE     ES / FE          1.188832      0.936130       1.828122    0.010249     50.000000             6
           BASE    EXC / NI          0.291051      0.487322       0.562102    0.008196    100.000000             2
           BASE    CCI / WY          0.217460      0.483341       0.435199    0.007909     50.000000             2
           BASE    ATO / NI          0.143295      0.482033       0.404973    0.005601    100.000000             2
           BASE DELL / SMCI          1.410195      0.459509       0.110337    0.366671     75.000000             4
           BASE MSCI / TROW          0.870908      0.452627       0.041523    0.476322     57.142857             7
           BASE ANET / SMCI          1.368997      0.416722       0.122186    0.251439    100.000000             3
           BASE AVGO / SMCI          0.283366      0.291971       0.057022    0.126149    100.000000             2
           BASE AVGO / KLAC          0.473369      0.127750       0.011683    1.479165     25.000000             8
           BASE AVGO / NVDA         -0.080064     -0.023143      -0.002767    0.756088     44.444444             9
           BASE   CRL / MTD         -0.072931     -0.194140      -0.010107    0.169207     33.333333             3
           BASE     D / SRE         -0.291869     -0.243739      -0.025962    0.548787     40.000000            15
           BASE   BAX / PFE         -1.305855     -0.307003      -0.029317    2.007431     50.000000            10
           BASE     D / ETR         -0.226780     -0.590698      -0.032299    0.226780      0.000000             2
           BASE  IVZ / PYPL         -0.248983     -0.717548      -0.039222    0.248983     25.000000             4
       OVERRIDE  XYZ / TROW          3.903005      0.772324       0.154766    0.758216     58.333333            12
       OVERRIDE  INVH / KIM          0.590703      0.673827       0.078592    0.167937     50.000000             8
       OVERRIDE  ADI / MPWR          0.486733      0.647672       2.360811    0.003260    100.000000             3
       OVERRIDE    DTE / FE          0.229947      0.628397       0.837171    0.004345     75.000000             4
       OVERRIDE   HRL / KDP          0.339919      0.599925       1.225073    0.004389    100.000000             2
       OVERRIDE ANET / NVDA          1.566276      0.530509       8.178188    0.003029     60.000000             5
       OVERRIDE    AWK / SO          0.215331      0.449474       0.146791    0.032802     50.000000             2
       OVERRIDE   AEE / ETR          0.112031      0.248798       0.028851    0.131872     50.000000             8
       OVERRIDE  FITB / TFC          0.078746      0.173507       0.020887    0.157510     50.000000             8
       OVERRIDE   COF / WFC          0.145501      0.098004       0.012458    0.681062     55.555556             9
       OVERRIDE   BAC / CFG          0.012098      0.016557       0.001583    0.196564     33.333333             3
       OVERRIDE   COP / MPC         -0.412371     -0.361549      -0.022938    0.412371     50.000000             6
       OVERRIDE   CEG / VST         -0.662896     -0.510239      -0.037774    0.862559     14.285714             7
       OVERRIDE  CCI / VICI         -0.028024     -0.574629      -0.025656    0.028024     50.000000             2
       OVERRIDE   AMT / KIM         -1.754033     -0.601014      -0.054414    1.985551     33.333333            12

=====================================================================================
WALK-FORWARD NET PORTFOLIO STATS (POST-FEES & EXECUTION LAG)
=====================================================================================
Start                         2024-09-09 00:00:00
End                           2026-09-04 00:00:00
Period                                        500
Start Value                              250000.0
End Value                           280755.187991
Total Return [%]                        12.302075
Benchmark Return [%]                    57.596452
Max Gross Exposure [%]                 117.126815
Total Fees Paid                       1553.737393
Max Drawdown [%]                         2.129824
Max Drawdown Duration                       267.0
Total Trades                                  130
Total Closed Trades                           130
Total Open Trades                               0
Open Trade PnL                                0.0
Win Rate [%]                            52.307692
Best Trade [%]                          14.818782
Worst Trade [%]                         -8.533956
Avg Winning Trade [%]                    2.695802
Avg Losing Trade [%]                    -2.297187
Avg Winning Trade Duration               3.132353
Avg Losing Trade Duration                3.322581
Profit Factor                            1.603972
Expectancy                             236.578369

=====================================================================================
ACTIONABLE MARKET-ON-OPEN (MOO) ORDER BLOTTER FOR NEXT SESSION
=====================================================================================
Empty DataFrame
Columns: [Ticker, Action, Order_Type, Delta_Shares, Target_Shares, Current_Shares, Est_Order_USD, Target_Weight_%, ADV_Participation_%, Price_Ref]
Index: []

>>> min_override_z=0.6: too_low: 5.99%

=====================================================================================
TUNING RUN: min_override_z=0.7
=====================================================================================
=====================================================================================
STARTING ROBUST STAT-ARB ENGINE (NOISE-FILTERED OVERRIDE)
=====================================================================================
[Pipeline Info] 'SPY' ticker detected. Using real SPY price series for CAPM benchmark.
[DAG Pre-Compute] Initializing Vectorized Matrix Space...
[DAG Pre-Compute] Processing 1570 Sector-Matched Residual Pairs...
[DAG Pre-Compute] Completed successfully. Executing Portfolio Routing Loop.
[Friction Engine] Goldilocks absolute minimum alpha floor calibrated to 0.66%

[Dynamic Rebalance @ 2024-09-09 | Progress:   0.2% (1/500)] Cause: INITIAL_ENTRY
  --> Pipeline Funnel : Ghost=4 | Promoted=0 | Live=0
------------------------------------------------------------

[Dynamic Rebalance @ 2024-09-26 | Progress:   2.8% (14/500)] Cause: SIGNAL_ENTRY
  --> Pipeline Funnel : Ghost=4 | Promoted=1 | Live=1
  --> SLSQP Metrics   : Eff Gross=0.55 | Port Vol=0.0916 | SPY Overlay=30.0%
  --> Top Allocations :
      [BASE] AVGO/SMCI | W_A: -25.0% | W_B: 9.9% | Inno Z: 1.23 | ECDF: 0.97 | Alpha: 2.1921
------------------------------------------------------------

[Dynamic Rebalance @ 2024-10-01 | Progress:   3.4% (17/500)] Cause: SIGNAL_EXIT
  --> Pipeline Funnel : Ghost=8 | Promoted=0 | Live=0
------------------------------------------------------------

[Dynamic Rebalance @ 2024-10-15 | Progress:   5.4% (27/500)] Cause: SIGNAL_ENTRY
  --> Pipeline Funnel : Ghost=4 | Promoted=1 | Live=1
  --> SLSQP Metrics   : Eff Gross=0.54 | Port Vol=0.0658 | SPY Overlay=-18.7%
  --> Top Allocations :
      [BASE] AVGO/KLAC | W_A: -35.0% | W_B: 29.6% | Inno Z: 1.53 | ECDF: 1.00 | Alpha: 2.6873
------------------------------------------------------------

[Dynamic Rebalance @ 2024-10-28 | Progress:   7.2% (36/500)] Cause: SIGNAL_EXIT
  --> Pipeline Funnel : Ghost=5 | Promoted=0 | Live=0
------------------------------------------------------------

[Dynamic Rebalance @ 2024-10-29 | Progress:   7.4% (37/500)] Cause: SIGNAL_ENTRY
  --> Pipeline Funnel : Ghost=6 | Promoted=1 | Live=1
  --> SLSQP Metrics   : Eff Gross=0.41 | Port Vol=0.0233 | SPY Overlay=20.7%
  --> Top Allocations :
      [OVERRIDE] AMT/KIM | W_A: 20.0% | W_B: -14.7% | Inno Z: -0.79 | ECDF: 0.98 | Alpha: 0.9462
------------------------------------------------------------

[Dynamic Rebalance @ 2024-10-31 | Progress:   7.8% (39/500)] Cause: SIGNAL_ENTRY
  --> Pipeline Funnel : Ghost=7 | Promoted=2 | Live=3
  --> SLSQP Metrics   : Eff Gross=0.64 | Port Vol=0.0207 | SPY Overlay=-30.0%
  --> Top Allocations :
      [BASE] D/ETR | W_A: 17.1% | W_B: -12.8% | Inno Z: -1.70 | ECDF: 1.00 | Alpha: 3.8541
      [OVERRIDE] ADI/MPWR | W_A: -13.1% | W_B: 6.9% | Inno Z: 0.85 | ECDF: 1.00 | Alpha: 2.0043
      [OVERRIDE] AMT/KIM | W_A: 3.4% | W_B: -2.5% | Inno Z: -0.79 | ECDF: 0.03 | Alpha: 0.0991
------------------------------------------------------------

[Dynamic Rebalance @ 2024-11-04 | Progress:   8.2% (41/500)] Cause: SIGNAL_EXIT
  --> Pipeline Funnel : Ghost=0 | Promoted=0 | Live=1
  --> SLSQP Metrics   : Eff Gross=0.37 | Port Vol=0.0229 | SPY Overlay=17.2%
  --> Top Allocations :
      [OVERRIDE] AMT/KIM | W_A: 20.0% | W_B: -14.5% | Inno Z: -0.79 | ECDF: 0.70 | Alpha: 0.2308
------------------------------------------------------------

[Dynamic Rebalance @ 2024-11-05 | Progress:   8.4% (42/500)] Cause: SIGNAL_EXIT
  --> Pipeline Funnel : Ghost=2 | Promoted=0 | Live=0
------------------------------------------------------------

[Dynamic Rebalance @ 2024-11-06 | Progress:   8.6% (43/500)] Cause: SIGNAL_ENTRY
  --> Pipeline Funnel : Ghost=4 | Promoted=2 | Live=2
  --> SLSQP Metrics   : Eff Gross=0.55 | Port Vol=0.0188 | SPY Overlay=30.0%
  --> Top Allocations :
      [BASE] D/SRE | W_A: 13.0% | W_B: -10.7% | Inno Z: -1.44 | ECDF: 1.00 | Alpha: 2.6301
      [BASE] AMT/KIM | W_A: 12.0% | W_B: -8.6% | Inno Z: -1.42 | ECDF: 1.00 | Alpha: 1.9462
------------------------------------------------------------

[Dynamic Rebalance @ 2024-11-07 | Progress:   8.8% (44/500)] Cause: SIGNAL_ENTRY
  --> Pipeline Funnel : Ghost=3 | Promoted=1 | Live=3
  --> SLSQP Metrics   : Eff Gross=0.64 | Port Vol=0.0265 | SPY Overlay=30.0%
  --> Top Allocations :
      [BASE] AMT/KIM | W_A: 14.1% | W_B: -9.9% | Inno Z: -1.42 | ECDF: 0.97 | Alpha: 0.7889
      [OVERRIDE] DTE/FE | W_A: 14.1% | W_B: -13.1% | Inno Z: -0.74 | ECDF: 1.00 | Alpha: 1.1191
      [BASE] D/SRE | W_A: 5.7% | W_B: -4.6% | Inno Z: -1.44 | ECDF: 0.98 | Alpha: 0.3180
------------------------------------------------------------

[Dynamic Rebalance @ 2024-11-08 | Progress:   9.0% (45/500)] Cause: SIGNAL_EXIT
  --> Pipeline Funnel : Ghost=3 | Promoted=0 | Live=2
  --> SLSQP Metrics   : Eff Gross=0.60 | Port Vol=0.0281 | SPY Overlay=30.0%
  --> Top Allocations :
      [BASE] D/SRE | W_A: 22.0% | W_B: -17.7% | Inno Z: -1.44 | ECDF: 0.48 | Alpha: 0.2159
      [OVERRIDE] DTE/FE | W_A: 8.3% | W_B: -7.7% | Inno Z: -0.74 | ECDF: 0.92 | Alpha: 0.0988
------------------------------------------------------------

[Dynamic Rebalance @ 2024-11-11 | Progress:   9.2% (46/500)] Cause: SIGNAL_EXIT
  --> Pipeline Funnel : Ghost=4 | Promoted=0 | Live=1
  --> SLSQP Metrics   : Eff Gross=0.55 | Port Vol=0.0302 | SPY Overlay=30.0%
  --> Top Allocations :
      [BASE] D/SRE | W_A: 25.0% | W_B: -20.1% | Inno Z: -1.44 | ECDF: 0.29 | Alpha: 0.2613
------------------------------------------------------------

[Dynamic Rebalance @ 2024-11-18 | Progress:  10.2% (51/500)] Cause: SIGNAL_EXIT
  --> Pipeline Funnel : Ghost=4 | Promoted=0 | Live=0
------------------------------------------------------------

[Dynamic Rebalance @ 2025-01-27 | Progress:  19.2% (96/500)] Cause: SIGNAL_ENTRY
  --> Pipeline Funnel : Ghost=5 | Promoted=1 | Live=1
  --> SLSQP Metrics   : Eff Gross=0.58 | Port Vol=0.0267 | SPY Overlay=-23.4%
  --> Top Allocations :
      [BASE] EXC/NI | W_A: -35.0% | W_B: 27.3% | Inno Z: 1.13 | ECDF: 1.00 | Alpha: 1.7885
------------------------------------------------------------

[Dynamic Rebalance @ 2025-01-28 | Progress:  19.4% (97/500)] Cause: SIGNAL_ENTRY
  --> Pipeline Funnel : Ghost=6 | Promoted=1 | Live=1
  --> SLSQP Metrics   : Eff Gross=0.55 | Port Vol=0.0422 | SPY Overlay=30.0%
  --> Top Allocations :
      [BASE] IVZ/PYPL | W_A: -25.1% | W_B: 11.7% | Inno Z: 1.57 | ECDF: 1.00 | Alpha: 3.0354
------------------------------------------------------------

[Dynamic Rebalance @ 2025-01-30 | Progress:  19.8% (99/500)] Cause: SIGNAL_EXIT
  --> Pipeline Funnel : Ghost=3 | Promoted=0 | Live=0
------------------------------------------------------------

[Dynamic Rebalance @ 2025-03-04 | Progress:  24.2% (121/500)] Cause: SIGNAL_ENTRY
  --> Pipeline Funnel : Ghost=1 | Promoted=1 | Live=1
  --> SLSQP Metrics   : Eff Gross=0.31 | Port Vol=0.0172 | SPY Overlay=-11.3%
  --> Top Allocations :
      [OVERRIDE] BAC/CFG | W_A: 20.0% | W_B: -12.9% | Inno Z: -0.73 | ECDF: 1.00 | Alpha: 0.9144
------------------------------------------------------------

[Dynamic Rebalance @ 2025-03-07 | Progress:  24.8% (124/500)] Cause: SIGNAL_EXIT
  --> Pipeline Funnel : Ghost=1 | Promoted=0 | Live=0
------------------------------------------------------------

[Dynamic Rebalance @ 2025-04-04 | Progress:  28.8% (144/500)] Cause: SIGNAL_ENTRY
  --> Pipeline Funnel : Ghost=3 | Promoted=1 | Live=1
  --> SLSQP Metrics   : Eff Gross=0.31 | Port Vol=0.0277 | SPY Overlay=-11.3%
  --> Top Allocations :
      [OVERRIDE] COP/MPC | W_A: 20.0% | W_B: -13.6% | Inno Z: -0.94 | ECDF: 1.00 | Alpha: 0.8957
------------------------------------------------------------

[Dynamic Rebalance @ 2025-04-09 | Progress:  29.4% (147/500)] Cause: SIGNAL_EXIT
  --> Pipeline Funnel : Ghost=2 | Promoted=0 | Live=0
------------------------------------------------------------

[Dynamic Rebalance @ 2025-11-19 | Progress:  60.4% (302/500)] Cause: SIGNAL_ENTRY
  --> Pipeline Funnel : Ghost=3 | Promoted=1 | Live=1
  --> SLSQP Metrics   : Eff Gross=0.51 | Port Vol=0.0403 | SPY Overlay=15.8%
  --> Top Allocations :
      [BASE] ES/FE | W_A: 35.0% | W_B: -29.4% | Inno Z: -2.19 | ECDF: 1.00 | Alpha: 3.7258
------------------------------------------------------------

[Dynamic Rebalance @ 2025-11-25 | Progress:  61.2% (306/500)] Cause: SIGNAL_EXIT
  --> Pipeline Funnel : Ghost=1 | Promoted=0 | Live=0
------------------------------------------------------------

[Dynamic Rebalance @ 2025-12-12 | Progress:  63.6% (318/500)] Cause: SIGNAL_ENTRY
  --> Pipeline Funnel : Ghost=7 | Promoted=1 | Live=1
  --> SLSQP Metrics   : Eff Gross=0.55 | Port Vol=0.0565 | SPY Overlay=-30.0%
  --> Top Allocations :
      [BASE] AVGO/NVDA | W_A: 25.0% | W_B: -17.3% | Inno Z: -1.45 | ECDF: 1.00 | Alpha: 3.4697
------------------------------------------------------------

[Dynamic Rebalance @ 2025-12-16 | Progress:  64.0% (320/500)] Cause: SIGNAL_EXIT
  --> Pipeline Funnel : Ghost=6 | Promoted=0 | Live=0
------------------------------------------------------------

[Dynamic Rebalance @ 2026-01-16 | Progress:  68.2% (341/500)] Cause: SIGNAL_ENTRY
  --> Pipeline Funnel : Ghost=4 | Promoted=1 | Live=1
  --> SLSQP Metrics   : Eff Gross=0.30 | Port Vol=0.0314 | SPY Overlay=-10.3%
  --> Top Allocations :
      [OVERRIDE] CEG/VST | W_A: 20.0% | W_B: -13.8% | Inno Z: -0.77 | ECDF: 0.98 | Alpha: 1.4780
------------------------------------------------------------

[Dynamic Rebalance @ 2026-01-22 | Progress:  68.8% (344/500)] Cause: SIGNAL_EXIT
  --> Pipeline Funnel : Ghost=5 | Promoted=0 | Live=0
------------------------------------------------------------

[Dynamic Rebalance @ 2026-02-12 | Progress:  71.8% (359/500)] Cause: SIGNAL_ENTRY
  --> Pipeline Funnel : Ghost=7 | Promoted=1 | Live=1
  --> SLSQP Metrics   : Eff Gross=0.55 | Port Vol=0.0536 | SPY Overlay=-30.0%
  --> Top Allocations :
      [BASE] XYZ/TROW | W_A: 25.0% | W_B: -22.8% | Inno Z: -1.50 | ECDF: 1.00 | Alpha: 2.3854
------------------------------------------------------------

[Dynamic Rebalance @ 2026-02-17 | Progress:  72.2% (361/500)] Cause: SIGNAL_EXIT

[Dynamic Rebalance @ 2026-02-23 | Progress:  73.0% (365/500)] Cause: SIGNAL_ENTRY
  --> Pipeline Funnel : Ghost=4 | Promoted=1 | Live=1
  --> SLSQP Metrics   : Eff Gross=0.41 | Port Vol=0.0296 | SPY Overlay=-20.7%
  --> Top Allocations :
      [OVERRIDE] COF/WFC | W_A: 20.0% | W_B: -17.6% | Inno Z: -0.90 | ECDF: 0.97 | Alpha: 0.8874
------------------------------------------------------------

[Dynamic Rebalance @ 2026-02-27 | Progress:  73.8% (369/500)] Cause: SIGNAL_ENTRY
  --> Pipeline Funnel : Ghost=4 | Promoted=1 | Live=2
  --> SLSQP Metrics   : Eff Gross=0.51 | Port Vol=0.1010 | SPY Overlay=11.4%
  --> Top Allocations :
      [BASE] DELL/SMCI | W_A: -35.0% | W_B: 12.2% | Inno Z: 3.61 | ECDF: 1.00 | Alpha: 6.5882
      [OVERRIDE] COF/WFC | W_A: 5.0% | W_B: -4.5% | Inno Z: -0.90 | ECDF: 0.30 | Alpha: 0.9427
------------------------------------------------------------

[Dynamic Rebalance @ 2026-03-05 | Progress:  74.6% (373/500)] Cause: SIGNAL_EXIT
  --> Pipeline Funnel : Ghost=3 | Promoted=0 | Live=0
------------------------------------------------------------

[Dynamic Rebalance @ 2026-03-06 | Progress:  74.8% (374/500)] Cause: SIGNAL_ENTRY
  --> Pipeline Funnel : Ghost=3 | Promoted=1 | Live=1
  --> SLSQP Metrics   : Eff Gross=0.55 | Port Vol=0.0821 | SPY Overlay=-30.0%
  --> Top Allocations :
      [BASE] BAX/PFE | W_A: 25.0% | W_B: -9.1% | Inno Z: -1.25 | ECDF: 0.97 | Alpha: 1.2699
------------------------------------------------------------

[Dynamic Rebalance @ 2026-03-11 | Progress:  75.4% (377/500)] Cause: SIGNAL_EXIT
  --> Pipeline Funnel : Ghost=3 | Promoted=0 | Live=0
------------------------------------------------------------

[Dynamic Rebalance @ 2026-03-20 | Progress:  76.8% (384/500)] Cause: SIGNAL_ENTRY
  --> Pipeline Funnel : Ghost=4 | Promoted=1 | Live=1
  --> SLSQP Metrics   : Eff Gross=0.35 | Port Vol=0.1342 | SPY Overlay=-0.5%
  --> Top Allocations :
      [BASE] ANET/SMCI | W_A: -35.0% | W_B: 10.8% | Inno Z: 1.83 | ECDF: 0.98 | Alpha: 1.6653
------------------------------------------------------------

[Dynamic Rebalance @ 2026-03-24 | Progress:  77.2% (386/500)] Cause: SIGNAL_EXIT
  --> Pipeline Funnel : Ghost=3 | Promoted=0 | Live=0
------------------------------------------------------------

[Dynamic Rebalance @ 2026-03-27 | Progress:  77.8% (389/500)] Cause: SIGNAL_ENTRY
  --> Pipeline Funnel : Ghost=5 | Promoted=1 | Live=1
  --> SLSQP Metrics   : Eff Gross=0.26 | Port Vol=0.0108 | SPY Overlay=-6.2%
  --> Top Allocations :
      [OVERRIDE] AEE/ETR | W_A: 20.0% | W_B: -14.2% | Inno Z: -0.71 | ECDF: 1.00 | Alpha: 0.8152
------------------------------------------------------------

[Dynamic Rebalance @ 2026-04-07 | Progress:  79.0% (395/500)] Cause: SIGNAL_EXIT
  --> Pipeline Funnel : Ghost=3 | Promoted=0 | Live=0
------------------------------------------------------------

[Dynamic Rebalance @ 2026-04-30 | Progress:  82.4% (412/500)] Cause: SIGNAL_ENTRY
  --> Pipeline Funnel : Ghost=7 | Promoted=3 | Live=3
  --> SLSQP Metrics   : Eff Gross=0.58 | Port Vol=0.0495 | SPY Overlay=30.0%
  --> Top Allocations :
      [BASE] AVGO/NVDA | W_A: -11.4% | W_B: 7.9% | Inno Z: 0.96 | ECDF: 1.00 | Alpha: 1.7295
      [OVERRIDE] ANET/NVDA | W_A: -11.4% | W_B: 7.3% | Inno Z: 0.85 | ECDF: 0.95 | Alpha: 1.6252
      [OVERRIDE] AWK/SO | W_A: 5.5% | W_B: -4.7% | Inno Z: -0.90 | ECDF: 1.00 | Alpha: 0.7638
------------------------------------------------------------

[Dynamic Rebalance @ 2026-05-05 | Progress:  83.0% (415/500)] Cause: SIGNAL_EXIT
  --> Pipeline Funnel : Ghost=4 | Promoted=0 | Live=2
  --> SLSQP Metrics   : Eff Gross=0.56 | Port Vol=0.0455 | SPY Overlay=30.0%
  --> Top Allocations :
      [BASE] AVGO/NVDA | W_A: -22.9% | W_B: 16.1% | Inno Z: 0.96 | ECDF: 0.84 | Alpha: 1.1600
      [OVERRIDE] AWK/SO | W_A: 3.6% | W_B: -3.0% | Inno Z: -0.90 | ECDF: 0.44 | Alpha: 0.1742
------------------------------------------------------------

[Dynamic Rebalance @ 2026-05-07 | Progress:  83.4% (417/500)] Cause: SIGNAL_EXIT
  --> Pipeline Funnel : Ghost=4 | Promoted=0 | Live=1
  --> SLSQP Metrics   : Eff Gross=0.30 | Port Vol=0.0237 | SPY Overlay=10.0%
  --> Top Allocations :
      [OVERRIDE] AWK/SO | W_A: 20.0% | W_B: -17.1% | Inno Z: -0.90 | ECDF: 0.86 | Alpha: 0.2047
------------------------------------------------------------

[Dynamic Rebalance @ 2026-05-08 | Progress:  83.6% (418/500)] Cause: SIGNAL_ENTRY
  --> Pipeline Funnel : Ghost=3 | Promoted=1 | Live=2
  --> SLSQP Metrics   : Eff Gross=0.62 | Port Vol=0.0737 | SPY Overlay=30.0%
  --> Top Allocations :
      [BASE] CRL/MTD | W_A: -28.0% | W_B: 19.9% | Inno Z: 1.10 | ECDF: 1.00 | Alpha: 3.0387
      [OVERRIDE] AWK/SO | W_A: 3.8% | W_B: -3.2% | Inno Z: -0.90 | ECDF: 0.06 | Alpha: 0.0830
------------------------------------------------------------

[Dynamic Rebalance @ 2026-05-12 | Progress:  84.0% (420/500)] Cause: SIGNAL_EXIT
  --> Pipeline Funnel : Ghost=2 | Promoted=0 | Live=0
------------------------------------------------------------

[Dynamic Rebalance @ 2026-05-28 | Progress:  86.2% (431/500)] Cause: SIGNAL_ENTRY
  --> Pipeline Funnel : Ghost=3 | Promoted=1 | Live=1
  --> SLSQP Metrics   : Eff Gross=0.44 | Port Vol=0.0535 | SPY Overlay=23.6%
  --> Top Allocations :
      [OVERRIDE] XYZ/TROW | W_A: -20.0% | W_B: 19.2% | Inno Z: 0.88 | ECDF: 0.95 | Alpha: 1.4742
------------------------------------------------------------

[Dynamic Rebalance @ 2026-06-02 | Progress:  86.8% (434/500)] Cause: SIGNAL_EXIT
  --> Pipeline Funnel : Ghost=3 | Promoted=0 | Live=0
------------------------------------------------------------

[Dynamic Rebalance @ 2026-06-03 | Progress:  87.0% (435/500)] Cause: SIGNAL_ENTRY
  --> Pipeline Funnel : Ghost=3 | Promoted=1 | Live=1
  --> SLSQP Metrics   : Eff Gross=0.55 | Port Vol=0.0483 | SPY Overlay=-30.0%
  --> Top Allocations :
      [BASE] XYZ/TROW | W_A: 25.0% | W_B: -23.9% | Inno Z: -1.01 | ECDF: 0.98 | Alpha: 1.8924
------------------------------------------------------------

[Dynamic Rebalance @ 2026-06-04 | Progress:  87.2% (436/500)] Cause: SIGNAL_ENTRY
  --> Pipeline Funnel : Ghost=4 | Promoted=1 | Live=2
  --> SLSQP Metrics   : Eff Gross=0.71 | Port Vol=0.0624 | SPY Overlay=-21.0%
  --> Top Allocations :
      [BASE] CCI/VICI | W_A: -35.0% | W_B: 29.8% | Inno Z: 1.06 | ECDF: 1.00 | Alpha: 1.9921
      [BASE] XYZ/TROW | W_A: 15.3% | W_B: -14.5% | Inno Z: -1.01 | ECDF: 0.76 | Alpha: 0.5555
------------------------------------------------------------

[Dynamic Rebalance @ 2026-06-08 | Progress:  87.6% (438/500)] Cause: SIGNAL_EXIT
  --> Pipeline Funnel : Ghost=5 | Promoted=0 | Live=0
------------------------------------------------------------

[Dynamic Rebalance @ 2026-06-24 | Progress:  89.8% (449/500)] Cause: SIGNAL_ENTRY
  --> Pipeline Funnel : Ghost=7 | Promoted=1 | Live=1
  --> SLSQP Metrics   : Eff Gross=0.53 | Port Vol=0.0952 | SPY Overlay=17.9%
  --> Top Allocations :
      [BASE] BAX/PFE | W_A: -35.0% | W_B: 14.6% | Inno Z: 1.27 | ECDF: 1.00 | Alpha: 1.7896
------------------------------------------------------------

[Dynamic Rebalance @ 2026-06-25 | Progress:  90.0% (450/500)] Cause: SIGNAL_ENTRY
  --> Pipeline Funnel : Ghost=7 | Promoted=1 | Live=2
  --> SLSQP Metrics   : Eff Gross=0.85 | Port Vol=0.1048 | SPY Overlay=25.3%
  --> Top Allocations :
      [BASE] BAX/PFE | W_A: -35.0% | W_B: 14.7% | Inno Z: 1.27 | ECDF: 0.95 | Alpha: 1.3807
      [BASE] MSCI/TROW | W_A: 24.6% | W_B: -16.3% | Inno Z: -1.03 | ECDF: 1.00 | Alpha: 0.7488
------------------------------------------------------------

[Dynamic Rebalance @ 2026-07-01 | Progress:  90.8% (454/500)] Cause: SIGNAL_EXIT
  --> Pipeline Funnel : Ghost=3 | Promoted=0 | Live=0
------------------------------------------------------------

[Dynamic Rebalance @ 2026-08-05 | Progress:  95.6% (478/500)] Cause: SIGNAL_ENTRY
  --> Pipeline Funnel : Ghost=5 | Promoted=1 | Live=1
  --> SLSQP Metrics   : Eff Gross=0.56 | Port Vol=0.0787 | SPY Overlay=20.6%
  --> Top Allocations :
      [BASE] CCI/WY | W_A: 35.0% | W_B: -15.7% | Inno Z: -0.98 | ECDF: 0.97 | Alpha: 0.6927
------------------------------------------------------------

[Dynamic Rebalance @ 2026-08-06 | Progress:  95.8% (479/500)] Cause: SIGNAL_ENTRY
  --> Pipeline Funnel : Ghost=5 | Promoted=1 | Live=1
  --> SLSQP Metrics   : Eff Gross=0.28 | Port Vol=0.0414 | SPY Overlay=-8.4%
  --> Top Allocations :
      [OVERRIDE] XYZ/TROW | W_A: 20.0% | W_B: -18.9% | Inno Z: -0.79 | ECDF: 0.92 | Alpha: 1.0717
------------------------------------------------------------

[Dynamic Rebalance @ 2026-08-12 | Progress:  96.6% (483/500)] Cause: SIGNAL_EXIT
  --> Pipeline Funnel : Ghost=5 | Promoted=0 | Live=0
------------------------------------------------------------

=====================================================================================
FUNNEL CONVERSION ATTRIBUTION & MARGINAL PERFORMANCE REPORT
=====================================================================================
  Funnel Tier / Portfolio Stage          | Ann. Return [%]    | Sortino Ratio     
-------------------------------------------------------------------------------------
  Ghost Portfolio (Raw Universe)         |               nan% |            -0.5703
  Promoted Portfolio (Parametric Gated)  |               nan% |            -0.6351
  Live Portfolio (SLSQP Optimized)       |              5.25% |             0.9852
-------------------------------------------------------------------------------------
  --> Parametric Selection Delta         |              +nan% |            -0.0648
  --> Optimizer Allocation Delta         |              +nan% |            +1.6203
=====================================================================================

=====================================================================================
QUANTITATIVE MARKET NEUTRALITY & FACTOR DIAGNOSTIC AUDIT
=====================================================================================
                    Metric   Value Threshold Status
          Annualized Alpha   5.31%       N/A   INFO
         Market Beta (β_m) -0.0058  < |0.01|   PASS
              Beta p-value  0.5976   >= 0.05   PASS
          Beta t-statistic -0.5282  < |1.96|   PASS
   Variance Explained (R²)   0.06%    < 0.5%   PASS
Bull Market Beta (R_m > 0) -0.0262  < |0.01|   FAIL
Bear Market Beta (R_m < 0)  0.0068  < |0.01|   PASS
-------------------------------------------------------------------------------------
  VERDICT: Market Neutral = FALSE | Failures: Bull Market Beta (R_m > 0)
=====================================================================================

=====================================================================================
INVESTMENT COMMITTEE PAIR REVIEW TEARSHEET (ATTRIBUTED BY REGIME)
=====================================================================================
Strategy_Origin   Pair_Legs  Total_Return_[%]  Sharpe_Ratio  Sortino_Ratio  Max_DD_[%]  Win_Rate_[%]  Total_Trades
           BASE     ES / FE          1.188832      0.936130       1.828122    0.010249     50.000000             6
           BASE  CCI / VICI          0.865442      0.691727       1.312857    0.010412    100.000000             2
           BASE    EXC / NI          0.356431      0.487322       0.562113    0.010037    100.000000             2
           BASE    CCI / WY          0.217460      0.483341       0.435199    0.007909     50.000000             2
           BASE DELL / SMCI          1.410195      0.459509       0.110337    0.366671     75.000000             4
           BASE MSCI / TROW          0.870908      0.452627       0.041523    0.476322     57.142857             7
           BASE ANET / SMCI          1.368997      0.416722       0.122186    0.251439    100.000000             3
           BASE AVGO / SMCI          0.283366      0.291971       0.057022    0.126149    100.000000             2
           BASE AVGO / NVDA          0.025379      0.012440       0.001509    0.753498     50.000000             8
           BASE AVGO / KLAC          0.021222      0.010341       0.001026    1.479165     28.571429             7
           BASE   CRL / MTD         -0.068368     -0.194139      -0.010107    0.158643     33.333333             3
           BASE   BAX / PFE         -1.305855     -0.307003      -0.029317    2.007431     50.000000            10
           BASE     D / SRE         -0.390976     -0.313934      -0.028921    0.647989     22.222222             9
           BASE     D / ETR         -0.226780     -0.590698      -0.032299    0.226780      0.000000             2
           BASE   AMT / KIM         -1.801806     -0.617964      -0.052308    1.982150     25.000000             8
           BASE  IVZ / PYPL         -0.338565     -0.717547      -0.039222    0.338565     25.000000             4
       OVERRIDE  XYZ / TROW          3.873130      0.810529       0.180144    0.760635     57.142857            14
       OVERRIDE  ADI / MPWR          0.486733      0.647672       2.360811    0.003260    100.000000             3
       OVERRIDE    DTE / FE          0.229947      0.628397       0.837171    0.004345     75.000000             4
       OVERRIDE ANET / NVDA          2.061109      0.523487      10.761743    0.003029     66.666667             3
       OVERRIDE    AWK / SO          0.086894      0.266128       0.027712    0.109753     44.444444             9
       OVERRIDE   AEE / ETR          0.112031      0.248798       0.028851    0.131872     50.000000             8
       OVERRIDE   COF / WFC          0.145501      0.098004       0.012458    0.681062     55.555556             9
       OVERRIDE   BAC / CFG          0.012098      0.016557       0.001583    0.196564     33.333333             3
       OVERRIDE   COP / MPC         -0.478884     -0.218621      -0.015157    0.779975     50.000000             4
       OVERRIDE   CEG / VST         -0.729141     -0.579220      -0.032417    0.862559      0.000000             5

=====================================================================================
WALK-FORWARD NET PORTFOLIO STATS (POST-FEES & EXECUTION LAG)
=====================================================================================
Start                         2024-09-09 00:00:00
End                           2026-09-04 00:00:00
Period                                        500
Start Value                              250000.0
End Value                            276846.84768
Total Return [%]                        10.738739
Benchmark Return [%]                    57.596452
Max Gross Exposure [%]                 117.123731
Total Fees Paid                       1425.800694
Max Drawdown [%]                         3.161832
Max Drawdown Duration                       334.0
Total Trades                                  109
Total Closed Trades                           109
Total Open Trades                               0
Open Trade PnL                                0.0
Win Rate [%]                            53.211009
Best Trade [%]                          14.818782
Worst Trade [%]                         -7.660684
Avg Winning Trade [%]                    2.742384
Avg Losing Trade [%]                    -2.052333
Avg Winning Trade Duration               3.206897
Avg Losing Trade Duration                3.745098
Profit Factor                            1.610402
Expectancy                             246.301355

=====================================================================================
ACTIONABLE MARKET-ON-OPEN (MOO) ORDER BLOTTER FOR NEXT SESSION
=====================================================================================
Empty DataFrame
Columns: [Ticker, Action, Order_Type, Delta_Shares, Target_Shares, Current_Shares, Est_Order_USD, Target_Weight_%, ADV_Participation_%, Price_Ref]
Index: []

>>> min_override_z=0.7: too_low: 5.25%

=====================================================================================
TUNING RUN: min_override_z=0.8
=====================================================================================
=====================================================================================
STARTING ROBUST STAT-ARB ENGINE (NOISE-FILTERED OVERRIDE)
=====================================================================================
[Pipeline Info] 'SPY' ticker detected. Using real SPY price series for CAPM benchmark.
[DAG Pre-Compute] Initializing Vectorized Matrix Space...
[DAG Pre-Compute] Processing 1570 Sector-Matched Residual Pairs...
[DAG Pre-Compute] Completed successfully. Executing Portfolio Routing Loop.
[Friction Engine] Goldilocks absolute minimum alpha floor calibrated to 0.66%

[Dynamic Rebalance @ 2024-09-09 | Progress:   0.2% (1/500)] Cause: INITIAL_ENTRY
  --> Pipeline Funnel : Ghost=4 | Promoted=0 | Live=0
------------------------------------------------------------

[Dynamic Rebalance @ 2024-09-26 | Progress:   2.8% (14/500)] Cause: SIGNAL_ENTRY
  --> Pipeline Funnel : Ghost=4 | Promoted=1 | Live=1
  --> SLSQP Metrics   : Eff Gross=0.55 | Port Vol=0.0916 | SPY Overlay=30.0%
  --> Top Allocations :
      [BASE] AVGO/SMCI | W_A: -25.0% | W_B: 9.9% | Inno Z: 1.23 | ECDF: 0.97 | Alpha: 2.1921
------------------------------------------------------------

[Dynamic Rebalance @ 2024-10-01 | Progress:   3.4% (17/500)] Cause: SIGNAL_EXIT
  --> Pipeline Funnel : Ghost=8 | Promoted=0 | Live=0
------------------------------------------------------------

[Dynamic Rebalance @ 2024-10-15 | Progress:   5.4% (27/500)] Cause: SIGNAL_ENTRY
  --> Pipeline Funnel : Ghost=4 | Promoted=1 | Live=1
  --> SLSQP Metrics   : Eff Gross=0.54 | Port Vol=0.0658 | SPY Overlay=-18.7%
  --> Top Allocations :
      [BASE] AVGO/KLAC | W_A: -35.0% | W_B: 29.6% | Inno Z: 1.53 | ECDF: 1.00 | Alpha: 2.6873
------------------------------------------------------------

[Dynamic Rebalance @ 2024-10-28 | Progress:   7.2% (36/500)] Cause: SIGNAL_EXIT
  --> Pipeline Funnel : Ghost=5 | Promoted=0 | Live=0
------------------------------------------------------------

[Dynamic Rebalance @ 2024-10-31 | Progress:   7.8% (39/500)] Cause: SIGNAL_ENTRY
  --> Pipeline Funnel : Ghost=8 | Promoted=1 | Live=1
  --> SLSQP Metrics   : Eff Gross=0.55 | Port Vol=0.0193 | SPY Overlay=-30.0%
  --> Top Allocations :
      [BASE] D/ETR | W_A: 25.0% | W_B: -18.7% | Inno Z: -1.70 | ECDF: 1.00 | Alpha: 3.8541
------------------------------------------------------------

[Dynamic Rebalance @ 2024-11-04 | Progress:   8.2% (41/500)] Cause: SIGNAL_EXIT
  --> Pipeline Funnel : Ghost=1 | Promoted=0 | Live=0
------------------------------------------------------------

[Dynamic Rebalance @ 2024-11-06 | Progress:   8.6% (43/500)] Cause: SIGNAL_ENTRY
  --> Pipeline Funnel : Ghost=4 | Promoted=2 | Live=2
  --> SLSQP Metrics   : Eff Gross=0.55 | Port Vol=0.0188 | SPY Overlay=30.0%
  --> Top Allocations :
      [BASE] D/SRE | W_A: 13.0% | W_B: -10.7% | Inno Z: -1.44 | ECDF: 1.00 | Alpha: 2.6301
      [BASE] AMT/KIM | W_A: 12.0% | W_B: -8.6% | Inno Z: -1.42 | ECDF: 1.00 | Alpha: 1.9462
------------------------------------------------------------

[Dynamic Rebalance @ 2024-11-14 | Progress:   9.8% (49/500)] Cause: SIGNAL_EXIT
  --> Pipeline Funnel : Ghost=2 | Promoted=0 | Live=1
  --> SLSQP Metrics   : Eff Gross=0.55 | Port Vol=0.0302 | SPY Overlay=30.0%
  --> Top Allocations :
      [BASE] D/SRE | W_A: 25.0% | W_B: -20.0% | Inno Z: -1.44 | ECDF: 0.51 | Alpha: 0.4583
------------------------------------------------------------

[Dynamic Rebalance @ 2024-11-19 | Progress:  10.4% (52/500)] Cause: SIGNAL_EXIT
  --> Pipeline Funnel : Ghost=3 | Promoted=0 | Live=0
------------------------------------------------------------

[Dynamic Rebalance @ 2025-01-27 | Progress:  19.2% (96/500)] Cause: SIGNAL_ENTRY
  --> Pipeline Funnel : Ghost=5 | Promoted=1 | Live=1
  --> SLSQP Metrics   : Eff Gross=0.58 | Port Vol=0.0267 | SPY Overlay=-23.4%
  --> Top Allocations :
      [BASE] EXC/NI | W_A: -35.0% | W_B: 27.3% | Inno Z: 1.13 | ECDF: 1.00 | Alpha: 1.7885
------------------------------------------------------------

[Dynamic Rebalance @ 2025-01-28 | Progress:  19.4% (97/500)] Cause: SIGNAL_ENTRY
  --> Pipeline Funnel : Ghost=6 | Promoted=1 | Live=1
  --> SLSQP Metrics   : Eff Gross=0.55 | Port Vol=0.0422 | SPY Overlay=30.0%
  --> Top Allocations :
      [BASE] IVZ/PYPL | W_A: -25.1% | W_B: 11.7% | Inno Z: 1.57 | ECDF: 1.00 | Alpha: 3.0354
------------------------------------------------------------

[Dynamic Rebalance @ 2025-01-30 | Progress:  19.8% (99/500)] Cause: SIGNAL_EXIT
  --> Pipeline Funnel : Ghost=3 | Promoted=0 | Live=0
------------------------------------------------------------

[Dynamic Rebalance @ 2025-04-04 | Progress:  28.8% (144/500)] Cause: SIGNAL_ENTRY
  --> Pipeline Funnel : Ghost=3 | Promoted=1 | Live=1
  --> SLSQP Metrics   : Eff Gross=0.31 | Port Vol=0.0277 | SPY Overlay=-11.3%
  --> Top Allocations :
      [OVERRIDE] COP/MPC | W_A: 20.0% | W_B: -13.6% | Inno Z: -0.94 | ECDF: 1.00 | Alpha: 0.8957
------------------------------------------------------------

[Dynamic Rebalance @ 2025-04-09 | Progress:  29.4% (147/500)] Cause: SIGNAL_EXIT
  --> Pipeline Funnel : Ghost=2 | Promoted=0 | Live=0
------------------------------------------------------------

[Dynamic Rebalance @ 2025-11-19 | Progress:  60.4% (302/500)] Cause: SIGNAL_ENTRY
  --> Pipeline Funnel : Ghost=3 | Promoted=1 | Live=1
  --> SLSQP Metrics   : Eff Gross=0.51 | Port Vol=0.0403 | SPY Overlay=15.8%
  --> Top Allocations :
      [BASE] ES/FE | W_A: 35.0% | W_B: -29.4% | Inno Z: -2.19 | ECDF: 1.00 | Alpha: 3.7258
------------------------------------------------------------

[Dynamic Rebalance @ 2025-11-25 | Progress:  61.2% (306/500)] Cause: SIGNAL_EXIT
  --> Pipeline Funnel : Ghost=1 | Promoted=0 | Live=0
------------------------------------------------------------

[Dynamic Rebalance @ 2025-12-12 | Progress:  63.6% (318/500)] Cause: SIGNAL_ENTRY
  --> Pipeline Funnel : Ghost=7 | Promoted=1 | Live=1
  --> SLSQP Metrics   : Eff Gross=0.55 | Port Vol=0.0565 | SPY Overlay=-30.0%
  --> Top Allocations :
      [BASE] AVGO/NVDA | W_A: 25.0% | W_B: -17.3% | Inno Z: -1.45 | ECDF: 1.00 | Alpha: 3.4697
------------------------------------------------------------

[Dynamic Rebalance @ 2025-12-16 | Progress:  64.0% (320/500)] Cause: SIGNAL_EXIT
  --> Pipeline Funnel : Ghost=6 | Promoted=0 | Live=0
------------------------------------------------------------

[Dynamic Rebalance @ 2026-02-12 | Progress:  71.8% (359/500)] Cause: SIGNAL_ENTRY
  --> Pipeline Funnel : Ghost=7 | Promoted=1 | Live=1
  --> SLSQP Metrics   : Eff Gross=0.55 | Port Vol=0.0536 | SPY Overlay=-30.0%
  --> Top Allocations :
      [BASE] XYZ/TROW | W_A: 25.0% | W_B: -22.8% | Inno Z: -1.50 | ECDF: 1.00 | Alpha: 2.3854
------------------------------------------------------------

[Dynamic Rebalance @ 2026-02-17 | Progress:  72.2% (361/500)] Cause: SIGNAL_EXIT

[Dynamic Rebalance @ 2026-02-23 | Progress:  73.0% (365/500)] Cause: SIGNAL_ENTRY
  --> Pipeline Funnel : Ghost=4 | Promoted=1 | Live=1
  --> SLSQP Metrics   : Eff Gross=0.41 | Port Vol=0.0296 | SPY Overlay=-20.7%
  --> Top Allocations :
      [OVERRIDE] COF/WFC | W_A: 20.0% | W_B: -17.6% | Inno Z: -0.90 | ECDF: 0.97 | Alpha: 0.8874
------------------------------------------------------------

[Dynamic Rebalance @ 2026-02-27 | Progress:  73.8% (369/500)] Cause: SIGNAL_ENTRY
  --> Pipeline Funnel : Ghost=4 | Promoted=1 | Live=2
  --> SLSQP Metrics   : Eff Gross=0.51 | Port Vol=0.1010 | SPY Overlay=11.4%
  --> Top Allocations :
      [BASE] DELL/SMCI | W_A: -35.0% | W_B: 12.2% | Inno Z: 3.61 | ECDF: 1.00 | Alpha: 6.5882
      [OVERRIDE] COF/WFC | W_A: 5.0% | W_B: -4.5% | Inno Z: -0.90 | ECDF: 0.30 | Alpha: 0.9427
------------------------------------------------------------

[Dynamic Rebalance @ 2026-03-05 | Progress:  74.6% (373/500)] Cause: SIGNAL_EXIT
  --> Pipeline Funnel : Ghost=3 | Promoted=0 | Live=0
------------------------------------------------------------

[Dynamic Rebalance @ 2026-03-06 | Progress:  74.8% (374/500)] Cause: SIGNAL_ENTRY
  --> Pipeline Funnel : Ghost=3 | Promoted=1 | Live=1
  --> SLSQP Metrics   : Eff Gross=0.55 | Port Vol=0.0821 | SPY Overlay=-30.0%
  --> Top Allocations :
      [BASE] BAX/PFE | W_A: 25.0% | W_B: -9.1% | Inno Z: -1.25 | ECDF: 0.97 | Alpha: 1.2699
------------------------------------------------------------

[Dynamic Rebalance @ 2026-03-11 | Progress:  75.4% (377/500)] Cause: SIGNAL_EXIT
  --> Pipeline Funnel : Ghost=3 | Promoted=0 | Live=0
------------------------------------------------------------

[Dynamic Rebalance @ 2026-03-20 | Progress:  76.8% (384/500)] Cause: SIGNAL_ENTRY
  --> Pipeline Funnel : Ghost=4 | Promoted=1 | Live=1
  --> SLSQP Metrics   : Eff Gross=0.35 | Port Vol=0.1342 | SPY Overlay=-0.5%
  --> Top Allocations :
      [BASE] ANET/SMCI | W_A: -35.0% | W_B: 10.8% | Inno Z: 1.83 | ECDF: 0.98 | Alpha: 1.6653
------------------------------------------------------------

[Dynamic Rebalance @ 2026-03-24 | Progress:  77.2% (386/500)] Cause: SIGNAL_EXIT
  --> Pipeline Funnel : Ghost=3 | Promoted=0 | Live=0
------------------------------------------------------------

[Dynamic Rebalance @ 2026-04-30 | Progress:  82.4% (412/500)] Cause: SIGNAL_ENTRY
  --> Pipeline Funnel : Ghost=7 | Promoted=2 | Live=2
  --> SLSQP Metrics   : Eff Gross=0.57 | Port Vol=0.0539 | SPY Overlay=30.0%
  --> Top Allocations :
      [BASE] AVGO/NVDA | W_A: -17.2% | W_B: 12.0% | Inno Z: 0.96 | ECDF: 1.00 | Alpha: 1.7295
      [OVERRIDE] ANET/NVDA | W_A: -9.5% | W_B: 6.1% | Inno Z: 0.85 | ECDF: 0.95 | Alpha: 1.6252
------------------------------------------------------------

[Dynamic Rebalance @ 2026-05-05 | Progress:  83.0% (415/500)] Cause: SIGNAL_EXIT
  --> Pipeline Funnel : Ghost=4 | Promoted=0 | Live=1
  --> SLSQP Metrics   : Eff Gross=0.55 | Port Vol=0.0507 | SPY Overlay=30.0%
  --> Top Allocations :
      [BASE] AVGO/NVDA | W_A: -25.0% | W_B: 17.6% | Inno Z: 0.96 | ECDF: 0.84 | Alpha: 1.1600
------------------------------------------------------------

[Dynamic Rebalance @ 2026-05-07 | Progress:  83.4% (417/500)] Cause: SIGNAL_EXIT
  --> Pipeline Funnel : Ghost=4 | Promoted=0 | Live=0
------------------------------------------------------------

[Dynamic Rebalance @ 2026-05-08 | Progress:  83.6% (418/500)] Cause: SIGNAL_ENTRY
  --> Pipeline Funnel : Ghost=3 | Promoted=1 | Live=1
  --> SLSQP Metrics   : Eff Gross=0.60 | Port Vol=0.0794 | SPY Overlay=30.0%
  --> Top Allocations :
      [BASE] CRL/MTD | W_A: -29.8% | W_B: 21.2% | Inno Z: 1.10 | ECDF: 1.00 | Alpha: 3.0387
------------------------------------------------------------

[Dynamic Rebalance @ 2026-05-12 | Progress:  84.0% (420/500)] Cause: SIGNAL_EXIT
  --> Pipeline Funnel : Ghost=2 | Promoted=0 | Live=0
------------------------------------------------------------

[Dynamic Rebalance @ 2026-05-28 | Progress:  86.2% (431/500)] Cause: SIGNAL_ENTRY
  --> Pipeline Funnel : Ghost=3 | Promoted=1 | Live=1
  --> SLSQP Metrics   : Eff Gross=0.44 | Port Vol=0.0535 | SPY Overlay=23.6%
  --> Top Allocations :
      [OVERRIDE] XYZ/TROW | W_A: -20.0% | W_B: 19.2% | Inno Z: 0.88 | ECDF: 0.95 | Alpha: 1.4742
------------------------------------------------------------

[Dynamic Rebalance @ 2026-06-02 | Progress:  86.8% (434/500)] Cause: SIGNAL_EXIT
  --> Pipeline Funnel : Ghost=3 | Promoted=0 | Live=0
------------------------------------------------------------

[Dynamic Rebalance @ 2026-06-03 | Progress:  87.0% (435/500)] Cause: SIGNAL_ENTRY
  --> Pipeline Funnel : Ghost=3 | Promoted=1 | Live=1
  --> SLSQP Metrics   : Eff Gross=0.55 | Port Vol=0.0483 | SPY Overlay=-30.0%
  --> Top Allocations :
      [BASE] XYZ/TROW | W_A: 25.0% | W_B: -23.9% | Inno Z: -1.01 | ECDF: 0.98 | Alpha: 1.8924
------------------------------------------------------------

[Dynamic Rebalance @ 2026-06-04 | Progress:  87.2% (436/500)] Cause: SIGNAL_ENTRY
  --> Pipeline Funnel : Ghost=4 | Promoted=1 | Live=2
  --> SLSQP Metrics   : Eff Gross=0.71 | Port Vol=0.0624 | SPY Overlay=-21.0%
  --> Top Allocations :
      [BASE] CCI/VICI | W_A: -35.0% | W_B: 29.8% | Inno Z: 1.06 | ECDF: 1.00 | Alpha: 1.9921
      [BASE] XYZ/TROW | W_A: 15.3% | W_B: -14.5% | Inno Z: -1.01 | ECDF: 0.76 | Alpha: 0.5555
------------------------------------------------------------

[Dynamic Rebalance @ 2026-06-08 | Progress:  87.6% (438/500)] Cause: SIGNAL_EXIT
  --> Pipeline Funnel : Ghost=5 | Promoted=0 | Live=0
------------------------------------------------------------

[Dynamic Rebalance @ 2026-06-24 | Progress:  89.8% (449/500)] Cause: SIGNAL_ENTRY
  --> Pipeline Funnel : Ghost=7 | Promoted=1 | Live=1
  --> SLSQP Metrics   : Eff Gross=0.53 | Port Vol=0.0952 | SPY Overlay=17.9%
  --> Top Allocations :
      [BASE] BAX/PFE | W_A: -35.0% | W_B: 14.6% | Inno Z: 1.27 | ECDF: 1.00 | Alpha: 1.7896
------------------------------------------------------------

[Dynamic Rebalance @ 2026-06-25 | Progress:  90.0% (450/500)] Cause: SIGNAL_ENTRY
  --> Pipeline Funnel : Ghost=7 | Promoted=1 | Live=2
  --> SLSQP Metrics   : Eff Gross=0.85 | Port Vol=0.1048 | SPY Overlay=25.3%
  --> Top Allocations :
      [BASE] BAX/PFE | W_A: -35.0% | W_B: 14.7% | Inno Z: 1.27 | ECDF: 0.95 | Alpha: 1.3807
      [BASE] MSCI/TROW | W_A: 24.6% | W_B: -16.3% | Inno Z: -1.03 | ECDF: 1.00 | Alpha: 0.7488
------------------------------------------------------------

[Dynamic Rebalance @ 2026-07-01 | Progress:  90.8% (454/500)] Cause: SIGNAL_EXIT
  --> Pipeline Funnel : Ghost=3 | Promoted=0 | Live=0
------------------------------------------------------------

[Dynamic Rebalance @ 2026-08-05 | Progress:  95.6% (478/500)] Cause: SIGNAL_ENTRY
  --> Pipeline Funnel : Ghost=5 | Promoted=1 | Live=1
  --> SLSQP Metrics   : Eff Gross=0.56 | Port Vol=0.0787 | SPY Overlay=20.6%
  --> Top Allocations :
      [BASE] CCI/WY | W_A: 35.0% | W_B: -15.7% | Inno Z: -0.98 | ECDF: 0.97 | Alpha: 0.6927
------------------------------------------------------------

[Dynamic Rebalance @ 2026-08-07 | Progress:  96.0% (480/500)] Cause: SIGNAL_EXIT
  --> Pipeline Funnel : Ghost=4 | Promoted=0 | Live=0
------------------------------------------------------------

=====================================================================================
FUNNEL CONVERSION ATTRIBUTION & MARGINAL PERFORMANCE REPORT
=====================================================================================
  Funnel Tier / Portfolio Stage          | Ann. Return [%]    | Sortino Ratio     
-------------------------------------------------------------------------------------
  Ghost Portfolio (Raw Universe)         |               nan% |             2.5144
  Promoted Portfolio (Parametric Gated)  |               nan% |             1.7105
  Live Portfolio (SLSQP Optimized)       |              4.87% |             0.8842
-------------------------------------------------------------------------------------
  --> Parametric Selection Delta         |              +nan% |            -0.8039
  --> Optimizer Allocation Delta         |              +nan% |            -0.8263
=====================================================================================

=====================================================================================
QUANTITATIVE MARKET NEUTRALITY & FACTOR DIAGNOSTIC AUDIT
=====================================================================================
                    Metric   Value Threshold Status
          Annualized Alpha   4.85%       N/A   INFO
         Market Beta (β_m) -0.0011  < |0.01|   PASS
              Beta p-value  0.9167   >= 0.05   PASS
          Beta t-statistic -0.1046  < |1.96|   PASS
   Variance Explained (R²)   0.00%    < 0.5%   PASS
Bull Market Beta (R_m > 0) -0.0143  < |0.01|   FAIL
Bear Market Beta (R_m < 0)  0.0027  < |0.01|   PASS
-------------------------------------------------------------------------------------
  VERDICT: Market Neutral = FALSE | Failures: Bull Market Beta (R_m > 0)
=====================================================================================

=====================================================================================
INVESTMENT COMMITTEE PAIR REVIEW TEARSHEET (ATTRIBUTED BY REGIME)
=====================================================================================
Strategy_Origin   Pair_Legs  Total_Return_[%]  Sharpe_Ratio  Sortino_Ratio  Max_DD_[%]  Win_Rate_[%]  Total_Trades
           BASE     ES / FE          1.188832      0.936130       1.828122    0.010249     50.000000             6
           BASE  CCI / VICI          0.865442      0.691727       1.312857    0.010412    100.000000             2
           BASE  XYZ / TROW          2.349912      0.585044       0.102077    0.760635     45.454545            11
           BASE    EXC / NI          0.356431      0.487322       0.562113    0.010037    100.000000             2
           BASE DELL / SMCI          1.410195      0.459509       0.110337    0.366671     75.000000             4
           BASE MSCI / TROW          0.870908      0.452627       0.041523    0.476322     57.142857             7
           BASE ANET / SMCI          1.368997      0.416722       0.122186    0.251439    100.000000             3
           BASE AVGO / SMCI          0.283366      0.291971       0.057022    0.126149    100.000000             2
           BASE AVGO / NVDA          0.180451      0.057496       0.007148    0.880242     50.000000             8
           BASE AVGO / KLAC          0.021222      0.010341       0.001026    1.479165     28.571429             7
           BASE   CRL / MTD         -0.072931     -0.194140      -0.010107    0.169207     33.333333             3
           BASE   AMT / KIM         -0.167376     -0.200201      -0.011821    0.401386     14.285714             7
           BASE     D / SRE         -0.197879     -0.238828      -0.022437    0.421539     36.363636            11
           BASE   BAX / PFE         -1.305855     -0.307003      -0.029317    2.007431     50.000000            10
           BASE    CCI / WY         -0.523645     -0.334385      -0.015644    0.746730     50.000000             4
           BASE     D / ETR         -0.330801     -0.590698      -0.032299    0.330801      0.000000             2
           BASE  IVZ / PYPL         -0.338565     -0.717547      -0.039222    0.338565     25.000000             4
       OVERRIDE ANET / NVDA          1.719547      0.523487      10.761732    0.002527     66.666667             3
       OVERRIDE   COF / WFC          0.145501      0.098004       0.012458    0.681062     55.555556             9
       OVERRIDE   COP / MPC         -0.478884     -0.218621      -0.015157    0.779975     50.000000             4

=====================================================================================
WALK-FORWARD NET PORTFOLIO STATS (POST-FEES & EXECUTION LAG)
=====================================================================================
Start                         2024-09-09 00:00:00
End                           2026-09-04 00:00:00
Period                                        500
Start Value                              250000.0
End Value                           274859.895702
Total Return [%]                         9.943958
Benchmark Return [%]                    57.596452
Max Gross Exposure [%]                 117.115794
Total Fees Paid                       1169.681784
Max Drawdown [%]                         2.680841
Max Drawdown Duration                       325.0
Total Trades                                   75
Total Closed Trades                            75
Total Open Trades                               0
Open Trade PnL                                0.0
Win Rate [%]                            53.333333
Best Trade [%]                          14.818782
Worst Trade [%]                         -7.539974
Avg Winning Trade [%]                    3.028176
Avg Losing Trade [%]                    -1.953737
Avg Winning Trade Duration                  3.325
Avg Losing Trade Duration                3.942857
Profit Factor                            1.747908
Expectancy                             331.465276

=====================================================================================
ACTIONABLE MARKET-ON-OPEN (MOO) ORDER BLOTTER FOR NEXT SESSION
=====================================================================================
Empty DataFrame
Columns: [Ticker, Action, Order_Type, Delta_Shares, Target_Shares, Current_Shares, Est_Order_USD, Target_Weight_%, ADV_Participation_%, Price_Ref]
Index: []

>>> min_override_z=0.8: too_low: 4.87%

=====================================================================================
TUNING RUN: friction_clearance_multiplier=10.0
=====================================================================================
=====================================================================================
STARTING ROBUST STAT-ARB ENGINE (NOISE-FILTERED OVERRIDE)
=====================================================================================
[Pipeline Info] 'SPY' ticker detected. Using real SPY price series for CAPM benchmark.
[DAG Pre-Compute] Initializing Vectorized Matrix Space...
[DAG Pre-Compute] Processing 1570 Sector-Matched Residual Pairs...
[DAG Pre-Compute] Completed successfully. Executing Portfolio Routing Loop.
[Friction Engine] Goldilocks absolute minimum alpha floor calibrated to 0.44%

[Dynamic Rebalance @ 2024-09-09 | Progress:   0.2% (1/500)] Cause: INITIAL_ENTRY
  --> Pipeline Funnel : Ghost=4 | Promoted=0 | Live=0
------------------------------------------------------------

[Dynamic Rebalance @ 2024-09-26 | Progress:   2.8% (14/500)] Cause: SIGNAL_ENTRY
  --> Pipeline Funnel : Ghost=4 | Promoted=1 | Live=1
  --> SLSQP Metrics   : Eff Gross=0.55 | Port Vol=0.0916 | SPY Overlay=30.0%
  --> Top Allocations :
      [BASE] AVGO/SMCI | W_A: -25.0% | W_B: 9.9% | Inno Z: 1.23 | ECDF: 0.97 | Alpha: 2.1921
------------------------------------------------------------

[Dynamic Rebalance @ 2024-10-01 | Progress:   3.4% (17/500)] Cause: SIGNAL_EXIT
  --> Pipeline Funnel : Ghost=8 | Promoted=0 | Live=0
------------------------------------------------------------

[Dynamic Rebalance @ 2024-10-15 | Progress:   5.4% (27/500)] Cause: SIGNAL_ENTRY
  --> Pipeline Funnel : Ghost=4 | Promoted=1 | Live=1
  --> SLSQP Metrics   : Eff Gross=0.54 | Port Vol=0.0658 | SPY Overlay=-18.7%
  --> Top Allocations :
      [BASE] AVGO/KLAC | W_A: -35.0% | W_B: 29.6% | Inno Z: 1.53 | ECDF: 1.00 | Alpha: 2.6873
------------------------------------------------------------

[Dynamic Rebalance @ 2024-10-17 | Progress:   5.8% (29/500)] Cause: SIGNAL_ENTRY
  --> Pipeline Funnel : Ghost=5 | Promoted=1 | Live=2
  --> SLSQP Metrics   : Eff Gross=0.66 | Port Vol=0.0722 | SPY Overlay=-18.7%
  --> Top Allocations :
      [BASE] AVGO/KLAC | W_A: -33.5% | W_B: 28.5% | Inno Z: 1.53 | ECDF: 0.94 | Alpha: 1.3541
      [OVERRIDE] FITB/TFC | W_A: -13.8% | W_B: 12.0% | Inno Z: 0.69 | ECDF: 1.00 | Alpha: 0.7170
------------------------------------------------------------

[Dynamic Rebalance @ 2024-10-25 | Progress:   7.0% (35/500)] Cause: SIGNAL_EXIT
  --> Pipeline Funnel : Ghost=6 | Promoted=0 | Live=0
------------------------------------------------------------

[Dynamic Rebalance @ 2024-10-29 | Progress:   7.4% (37/500)] Cause: SIGNAL_ENTRY
  --> Pipeline Funnel : Ghost=6 | Promoted=1 | Live=1
  --> SLSQP Metrics   : Eff Gross=0.41 | Port Vol=0.0233 | SPY Overlay=20.7%
  --> Top Allocations :
      [OVERRIDE] AMT/KIM | W_A: 20.0% | W_B: -14.7% | Inno Z: -0.79 | ECDF: 0.98 | Alpha: 0.9462
------------------------------------------------------------

[Dynamic Rebalance @ 2024-10-31 | Progress:   7.8% (39/500)] Cause: SIGNAL_ENTRY
  --> Pipeline Funnel : Ghost=7 | Promoted=2 | Live=3
  --> SLSQP Metrics   : Eff Gross=0.64 | Port Vol=0.0207 | SPY Overlay=-30.0%
  --> Top Allocations :
      [BASE] D/ETR | W_A: 17.1% | W_B: -12.8% | Inno Z: -1.70 | ECDF: 1.00 | Alpha: 3.8541
      [OVERRIDE] ADI/MPWR | W_A: -13.1% | W_B: 6.9% | Inno Z: 0.85 | ECDF: 1.00 | Alpha: 2.0043
      [OVERRIDE] AMT/KIM | W_A: 3.4% | W_B: -2.5% | Inno Z: -0.79 | ECDF: 0.03 | Alpha: 0.0991
------------------------------------------------------------

[Dynamic Rebalance @ 2024-11-04 | Progress:   8.2% (41/500)] Cause: SIGNAL_EXIT
  --> Pipeline Funnel : Ghost=0 | Promoted=0 | Live=1
  --> SLSQP Metrics   : Eff Gross=0.37 | Port Vol=0.0229 | SPY Overlay=17.2%
  --> Top Allocations :
      [OVERRIDE] AMT/KIM | W_A: 20.0% | W_B: -14.5% | Inno Z: -0.79 | ECDF: 0.70 | Alpha: 0.2308
------------------------------------------------------------

[Dynamic Rebalance @ 2024-11-05 | Progress:   8.4% (42/500)] Cause: SIGNAL_EXIT
  --> Pipeline Funnel : Ghost=2 | Promoted=0 | Live=0
------------------------------------------------------------

[Dynamic Rebalance @ 2024-11-06 | Progress:   8.6% (43/500)] Cause: SIGNAL_ENTRY
  --> Pipeline Funnel : Ghost=4 | Promoted=2 | Live=2
  --> SLSQP Metrics   : Eff Gross=0.55 | Port Vol=0.0188 | SPY Overlay=30.0%
  --> Top Allocations :
      [BASE] D/SRE | W_A: 13.0% | W_B: -10.7% | Inno Z: -1.44 | ECDF: 1.00 | Alpha: 2.6301
      [BASE] AMT/KIM | W_A: 12.0% | W_B: -8.6% | Inno Z: -1.42 | ECDF: 1.00 | Alpha: 1.9462
------------------------------------------------------------

[Dynamic Rebalance @ 2024-11-07 | Progress:   8.8% (44/500)] Cause: SIGNAL_ENTRY
  --> Pipeline Funnel : Ghost=3 | Promoted=1 | Live=3
  --> SLSQP Metrics   : Eff Gross=0.64 | Port Vol=0.0265 | SPY Overlay=30.0%
  --> Top Allocations :
      [BASE] AMT/KIM | W_A: 14.1% | W_B: -9.9% | Inno Z: -1.42 | ECDF: 0.97 | Alpha: 0.7889
      [OVERRIDE] DTE/FE | W_A: 14.1% | W_B: -13.1% | Inno Z: -0.74 | ECDF: 1.00 | Alpha: 1.1191
      [BASE] D/SRE | W_A: 5.7% | W_B: -4.6% | Inno Z: -1.44 | ECDF: 0.98 | Alpha: 0.3180
------------------------------------------------------------

[Dynamic Rebalance @ 2024-11-08 | Progress:   9.0% (45/500)] Cause: SIGNAL_EXIT
  --> Pipeline Funnel : Ghost=3 | Promoted=0 | Live=2
  --> SLSQP Metrics   : Eff Gross=0.60 | Port Vol=0.0281 | SPY Overlay=30.0%
  --> Top Allocations :
      [BASE] D/SRE | W_A: 22.0% | W_B: -17.7% | Inno Z: -1.44 | ECDF: 0.48 | Alpha: 0.2159
      [OVERRIDE] DTE/FE | W_A: 8.3% | W_B: -7.7% | Inno Z: -0.74 | ECDF: 0.92 | Alpha: 0.0988
------------------------------------------------------------

[Dynamic Rebalance @ 2024-11-11 | Progress:   9.2% (46/500)] Cause: SIGNAL_EXIT
  --> Pipeline Funnel : Ghost=4 | Promoted=1 | Live=2
  --> SLSQP Metrics   : Eff Gross=0.55 | Port Vol=0.0285 | SPY Overlay=30.0%
  --> Top Allocations :
      [OVERRIDE] AMT/KIM | W_A: 12.9% | W_B: -9.0% | Inno Z: -0.63 | ECDF: 0.94 | Alpha: 0.7213
      [BASE] D/SRE | W_A: 12.1% | W_B: -9.7% | Inno Z: -1.44 | ECDF: 0.29 | Alpha: 0.2613
------------------------------------------------------------

[Dynamic Rebalance @ 2024-11-13 | Progress:   9.6% (48/500)] Cause: SIGNAL_EXIT
  --> Pipeline Funnel : Ghost=3 | Promoted=0 | Live=1
  --> SLSQP Metrics   : Eff Gross=0.55 | Port Vol=0.0304 | SPY Overlay=30.0%
  --> Top Allocations :
      [BASE] D/SRE | W_A: 25.0% | W_B: -20.0% | Inno Z: -1.44 | ECDF: 0.87 | Alpha: 0.0097
------------------------------------------------------------

[Dynamic Rebalance @ 2024-11-22 | Progress:  11.0% (55/500)] Cause: SIGNAL_EXIT
  --> Pipeline Funnel : Ghost=2 | Promoted=0 | Live=0
------------------------------------------------------------

[Dynamic Rebalance @ 2025-01-06 | Progress:  16.6% (83/500)] Cause: SIGNAL_ENTRY
  --> Pipeline Funnel : Ghost=4 | Promoted=1 | Live=1
  --> SLSQP Metrics   : Eff Gross=0.32 | Port Vol=0.0270 | SPY Overlay=12.2%
  --> Top Allocations :
      [OVERRIDE] CBRE/KIM | W_A: -20.0% | W_B: 17.5% | Inno Z: 0.80 | ECDF: 0.98 | Alpha: 0.5912
------------------------------------------------------------

[Dynamic Rebalance @ 2025-01-08 | Progress:  17.0% (85/500)] Cause: SIGNAL_EXIT
  --> Pipeline Funnel : Ghost=2 | Promoted=0 | Live=0
------------------------------------------------------------

[Dynamic Rebalance @ 2025-01-27 | Progress:  19.2% (96/500)] Cause: SIGNAL_ENTRY
  --> Pipeline Funnel : Ghost=5 | Promoted=2 | Live=2
  --> SLSQP Metrics   : Eff Gross=0.77 | Port Vol=0.0272 | SPY Overlay=-30.0%
  --> Top Allocations :
      [BASE] EXC/NI | W_A: -28.6% | W_B: 22.3% | Inno Z: 1.13 | ECDF: 1.00 | Alpha: 1.7885
      [BASE] ATO/NI | W_A: -18.8% | W_B: 16.1% | Inno Z: 0.95 | ECDF: 1.00 | Alpha: 0.8759
------------------------------------------------------------

[Dynamic Rebalance @ 2025-01-28 | Progress:  19.4% (97/500)] Cause: SIGNAL_ENTRY
  --> Pipeline Funnel : Ghost=5 | Promoted=1 | Live=1
  --> SLSQP Metrics   : Eff Gross=0.41 | Port Vol=0.0310 | SPY Overlay=22.1%
  --> Top Allocations :
      [BASE] IVZ/PYPL | W_A: -18.5% | W_B: 8.6% | Inno Z: 1.57 | ECDF: 1.00 | Alpha: 3.0354
------------------------------------------------------------

[Dynamic Rebalance @ 2025-01-30 | Progress:  19.8% (99/500)] Cause: SIGNAL_EXIT
  --> Pipeline Funnel : Ghost=3 | Promoted=0 | Live=0
------------------------------------------------------------

[Dynamic Rebalance @ 2025-03-04 | Progress:  24.2% (121/500)] Cause: SIGNAL_ENTRY
  --> Pipeline Funnel : Ghost=1 | Promoted=1 | Live=1
  --> SLSQP Metrics   : Eff Gross=0.31 | Port Vol=0.0172 | SPY Overlay=-11.3%
  --> Top Allocations :
      [OVERRIDE] BAC/CFG | W_A: 20.0% | W_B: -12.9% | Inno Z: -0.73 | ECDF: 1.00 | Alpha: 0.9144
------------------------------------------------------------

[Dynamic Rebalance @ 2025-03-07 | Progress:  24.8% (124/500)] Cause: SIGNAL_EXIT
  --> Pipeline Funnel : Ghost=1 | Promoted=0 | Live=0
------------------------------------------------------------
/Users/edunuke/anaconda3/envs/portoptv1/lib/python3.11/site-packages/joblib/externals/loky/backend/resource_tracker.py:314: UserWarning: resource_tracker: There appear to be 16 leaked semlock objects to clean up at shutdown
  warnings.warn(
/Users/edunuke/anaconda3/envs/portoptv1/lib/python3.11/site-packages/joblib/externals/loky/backend/resource_tracker.py:314: UserWarning: resource_tracker: There appear to be 16 leaked folder objects to clean up at shutdown
  warnings.warn(
/Users/edunuke/anaconda3/envs/portoptv1/lib/python3.11/site-packages/joblib/externals/loky/backend/resource_tracker.py:330: UserWarning: resource_tracker: /var/folders/9k/wqh8l1g15db_zr9sbd2wzfn80000gn/T/joblib_memmapping_folder_89014_bbd9ca0064af485c8fb109355a2f2fc5_caa2a0e4a20f48bc8fd78bfe8be8367c: FileNotFoundError(2, 'No such file or directory')
  warnings.warn(f"resource_tracker: {name}: {e!r}")
/Users/edunuke/anaconda3/envs/portoptv1/lib/python3.11/site-packages/joblib/externals/loky/backend/resource_tracker.py:330: UserWarning: resource_tracker: /var/folders/9k/wqh8l1g15db_zr9sbd2wzfn80000gn/T/joblib_memmapping_folder_89014_bbd9ca0064af485c8fb109355a2f2fc5_ecba991848b24aae9648f18a4cc3d9b4: FileNotFoundError(2, 'No such file or directory')
  warnings.warn(f"resource_tracker: {name}: {e!r}")
/Users/edunuke/anaconda3/envs/portoptv1/lib/python3.11/site-packages/joblib/externals/loky/backend/resource_tracker.py:330: UserWarning: resource_tracker: /var/folders/9k/wqh8l1g15db_zr9sbd2wzfn80000gn/T/joblib_memmapping_folder_89014_77168ce544a646c48b81cbe93858b296_9cf7e7e225ec4e83aba170c2119093f4: FileNotFoundError(2, 'No such file or directory')
  warnings.warn(f"resource_tracker: {name}: {e!r}")
/Users/edunuke/anaconda3/envs/portoptv1/lib/python3.11/site-packages/joblib/externals/loky/backend/resource_tracker.py:330: UserWarning: resource_tracker: /var/folders/9k/wqh8l1g15db_zr9sbd2wzfn80000gn/T/joblib_memmapping_folder_89014_bbd9ca0064af485c8fb109355a2f2fc5_0ca82aa4669d4a6dbc7451e5d3c06393: FileNotFoundError(2, 'No such file or directory')
  warnings.warn(f"resource_tracker: {name}: {e!r}")
/Users/edunuke/anaconda3/envs/portoptv1/lib/python3.11/site-packages/joblib/externals/loky/backend/resource_tracker.py:330: UserWarning: resource_tracker: /var/folders/9k/wqh8l1g15db_zr9sbd2wzfn80000gn/T/joblib_memmapping_folder_89014_5f7c528ce8fa43109f22f64ff6b72d32_32dffb2b9bc64df78992b41986a24650: FileNotFoundError(2, 'No such file or directory')
  warnings.warn(f"resource_tracker: {name}: {e!r}")
/Users/edunuke/anaconda3/envs/portoptv1/lib/python3.11/site-packages/joblib/externals/loky/backend/resource_tracker.py:330: UserWarning: resource_tracker: /var/folders/9k/wqh8l1g15db_zr9sbd2wzfn80000gn/T/joblib_memmapping_folder_89014_bbd9ca0064af485c8fb109355a2f2fc5_89748cf0721343839d6ff1b79f715798: FileNotFoundError(2, 'No such file or directory')
  warnings.warn(f"resource_tracker: {name}: {e!r}")
/Users/edunuke/anaconda3/envs/portoptv1/lib/python3.11/site-packages/joblib/externals/loky/backend/resource_tracker.py:330: UserWarning: resource_tracker: /var/folders/9k/wqh8l1g15db_zr9sbd2wzfn80000gn/T/joblib_memmapping_folder_89014_713288355ed34ac9a8141e7b401b1a0a_a0a0f01a081f4a0399915d89bb6ea06f: FileNotFoundError(2, 'No such file or directory')
  warnings.warn(f"resource_tracker: {name}: {e!r}")
/Users/edunuke/anaconda3/envs/portoptv1/lib/python3.11/site-packages/joblib/externals/loky/backend/resource_tracker.py:330: UserWarning: resource_tracker: /var/folders/9k/wqh8l1g15db_zr9sbd2wzfn80000gn/T/joblib_memmapping_folder_89014_bbd9ca0064af485c8fb109355a2f2fc5_6048871c16d74f8881b49afa757fdbe1: FileNotFoundError(2, 'No such file or directory')
  warnings.warn(f"resource_tracker: {name}: {e!r}")
/Users/edunuke/anaconda3/envs/portoptv1/lib/python3.11/site-packages/joblib/externals/loky/backend/resource_tracker.py:330: UserWarning: resource_tracker: /var/folders/9k/wqh8l1g15db_zr9sbd2wzfn80000gn/T/joblib_memmapping_folder_89014_c827a678374c48db985f2dba63d97b74_23345e8a675941fea60e0285830d4787: FileNotFoundError(2, 'No such file or directory')
  warnings.warn(f"resource_tracker: {name}: {e!r}")
/Users/edunuke/anaconda3/envs/portoptv1/lib/python3.11/site-packages/joblib/externals/loky/backend/resource_tracker.py:330: UserWarning: resource_tracker: /var/folders/9k/wqh8l1g15db_zr9sbd2wzfn80000gn/T/joblib_memmapping_folder_89014_bbd9ca0064af485c8fb109355a2f2fc5_7f9d9dfad660404595ac6bbba9651d9e: FileNotFoundError(2, 'No such file or directory')
  warnings.warn(f"resource_tracker: {name}: {e!r}")
/Users/edunuke/anaconda3/envs/portoptv1/lib/python3.11/site-packages/joblib/externals/loky/backend/resource_tracker.py:330: UserWarning: resource_tracker: /var/folders/9k/wqh8l1g15db_zr9sbd2wzfn80000gn/T/joblib_memmapping_folder_89014_e8bf39dfa54a4dd8a644f1a1c3217772_fe40b90bccb749d282a06c6196607532: FileNotFoundError(2, 'No such file or directory')
  warnings.warn(f"resource_tracker: {name}: {e!r}")
/Users/edunuke/anaconda3/envs/portoptv1/lib/python3.11/site-packages/joblib/externals/loky/backend/resource_tracker.py:330: UserWarning: resource_tracker: /var/folders/9k/wqh8l1g15db_zr9sbd2wzfn80000gn/T/joblib_memmapping_folder_89014_bbd9ca0064af485c8fb109355a2f2fc5_bfb541bdca0e48bb8d9c6a38f369b7d0: FileNotFoundError(2, 'No such file or directory')
  warnings.warn(f"resource_tracker: {name}: {e!r}")
/Users/edunuke/anaconda3/envs/portoptv1/lib/python3.11/site-packages/joblib/externals/loky/backend/resource_tracker.py:330: UserWarning: resource_tracker: /var/folders/9k/wqh8l1g15db_zr9sbd2wzfn80000gn/T/joblib_memmapping_folder_89014_8796c09a09cc4b268a014d1031231894_3008a20532cc4e1cae94b73888f27edb: FileNotFoundError(2, 'No such file or directory')
  warnings.warn(f"resource_tracker: {name}: {e!r}")
/Users/edunuke/anaconda3/envs/portoptv1/lib/python3.11/site-packages/joblib/externals/loky/backend/resource_tracker.py:330: UserWarning: resource_tracker: /var/folders/9k/wqh8l1g15db_zr9sbd2wzfn80000gn/T/joblib_memmapping_folder_89014_bbd9ca0064af485c8fb109355a2f2fc5_346283b7435544c4baab88e7c09537d7: FileNotFoundError(2, 'No such file or directory')
  warnings.warn(f"resource_tracker: {name}: {e!r}")
/Users/edunuke/anaconda3/envs/portoptv1/lib/python3.11/site-packages/joblib/externals/loky/backend/resource_tracker.py:330: UserWarning: resource_tracker: /var/folders/9k/wqh8l1g15db_zr9sbd2wzfn80000gn/T/joblib_memmapping_folder_89014_5a8db7ce8d9d470b893bd12660cd9071_1900cfb10e354fababa101422ec51c0a: FileNotFoundError(2, 'No such file or directory')
  warnings.warn(f"resource_tracker: {name}: {e!r}")
/Users/edunuke/anaconda3/envs/portoptv1/lib/python3.11/site-packages/joblib/externals/loky/backend/resource_tracker.py:330: UserWarning: resource_tracker: /var/folders/9k/wqh8l1g15db_zr9sbd2wzfn80000gn/T/joblib_memmapping_folder_89014_bbd9ca0064af485c8fb109355a2f2fc5_0acd2c6fac0b4dc7b371091f98364e0c: FileNotFoundError(2, 'No such file or directory')
  warnings.warn(f"resource_tracker: {name}: {e!r}")
